505,五大陸博物館,"Museum Fünf Kontinente",S917,MFK-S917,Ⅴ,1,阿弥陀如来坐像,,,彫刻,,,18-19,,,日本,1,,12.8,16.2,46.7,,,,,,木造、頭髪群青彩、肉身部古色、着衣部金泥塗り、玉眼嵌入,一木造,,,,台座、光背,フィリップ・フランツ・フォン・シーボルト,Philipp Franz von Siebold,,,,S917,1 Backô 阿弥陀像,1 Figur des Backô Amida ,佐々木守俊,2012/5,佐々木守俊,,,,,1,ss-1,917,
506,五大陸博物館,"Museum Fünf Kontinente",S1943,MFK-S1943_2,Ⅴ,1,厨子,,,木工品,,,18-19,,,日本,1,15,16.1,42.6,,,,,,,木製、素地,,,,,地蔵菩薩立像（S1944）を収める,フィリップ・フランツ・フォン・シーボルト,Philipp Franz von Siebold,,,,S1943,,,佐々木守俊,2012/5,佐々木守俊,,,,,1,ss-1,1943,2
507,五大陸博物館,"Museum Fünf Kontinente",S1943,MFK-S1943_1_ss,ⅩⅣ,37,台座,,,彫刻,,,18-19,,,日本,1,18,19.5,15.4,,,,,,,木造、漆箔,,,,,,フィリップ・フランツ・フォン・シーボルト,Philipp Franz von Siebold,,,,S1943,,,佐々木守俊:山田仁史,2014/7:2011/6,佐々木守俊,,,S1943_1の厨子は本来一具でないとみられる,,,ss-2,1943,1
508,五大陸博物館,"Museum Fünf Kontinente",S1944,MFK-S1944,Ⅴ,1,地蔵菩薩立像,,,彫刻,,,18-19,,,日本,1,,7.5,22,35.2,,,,,,木造、金泥塗り,一木造,,,,台座、光背、厨子（S1943-2）,フィリップ・フランツ・フォン・シーボルト,Philipp Franz von Siebold,,,,S1944,,,佐々木守俊,2012/5,勝田徹:佐々木守俊,,,,,4,ss-1,1944,
509,五大陸博物館,"Museum Fünf Kontinente",S862,MFK-S862,Ⅴ,1,准胝観音菩薩坐像（厨子入）,,,彫刻,,,18-19,,,日本,1,,,5.0、5.8、5.8,11.9,,,,,,木造、素地、頭髪群青彩、着衣の文様は金泥,一木造,,,,台座、光背、厨子,フィリップ・フランツ・フォン・シーボルト,Philipp Franz von Siebold,,,,S862,       „     准胝観音像,  „              „     Zjun dei Kwan non,佐々木守俊,2012/5,佐々木守俊,,,准胝約5.0、龍王各約5.8、総高は厨子高,,5,ss-1,862,
510,五大陸博物館,"Museum Fünf Kontinente",S873,MFK-S873,Ⅴ,1,帝釈天立像（厨子入）,,,彫刻,,,18-19,,,日本,1,,,6.5,11.1、13.6,,,,,,木造、彩色,一木造,,,,台座、厨子,フィリップ・フランツ・フォン・シーボルト,Philipp Franz von Siebold,,,,S873,1 守護神松尾権現像,1 Figur des Schutzgottes Mutsuwô Gongen,佐々木守俊,2012/5,佐々木守俊,,,総高11.1、厨子高13.6,,6,ss-1,873,
511,五大陸博物館,"Museum Fünf Kontinente",S864,MFK-S864,Ⅴ,1,弁才天坐像（厨子入）,,,彫刻,,,18-19,,,日本,1,,,3.1,7.3、10.7,,,,,,木造、素地、頭髪群青彩、着衣の文様は金泥,一木造,,,,台座、厨子,フィリップ・フランツ・フォン・シーボルト,Philipp Franz von Siebold,,,,S864,       „     弁財天女像,„                 „     Benzaiten nijo,佐々木守俊,2012/5,佐々木守俊,,,総高7.3、厨子高10.7,,7,ss-1,864,
512,五大陸博物館,"Museum Fünf Kontinente",S863,MFK-S863,Ⅴ,1,准胝観音菩薩坐像（厨子入）,,,彫刻,,,18-19,,,日本,1,,,3.0、2.5、2.5,12.2,,,,,,木造、素地、頭髪群青彩、着衣の文様は金泥,一木造,,,,台座、厨子,フィリップ・フランツ・フォン・シーボルト,Philipp Franz von Siebold,,,,S863,       „     准胝観音像,„                 „     Zjun dei Kwan non,佐々木守俊,2012/5,佐々木守俊,,,准胝約3.0、龍王各約2.5、総高は厨子高,,8,ss-1,863,
513,五大陸博物館,"Museum Fünf Kontinente",S871,MFK-S871,Ⅴ,1,男神立像（厨子入）,,,彫刻,,,18-19,,,日本,1,,,3.8,5.8、7.1,,,,,,木造、素地、着衣の文様は金泥,一木造,,,,台座、厨子,フィリップ・フランツ・フォン・シーボルト,Philipp Franz von Siebold,,,,S871,       „     八幡宮像, „                 „     Hatsi mangû,佐々木守俊,2012/5,佐々木守俊,,,総高5.8、厨子高7.1,,9,ss-1,871,
514,五大陸博物館,"Museum Fünf Kontinente",S2269,MFK-S2269,Ⅴ,1,十一面観音菩薩坐像（厨子入）,,,彫刻,,,18-19,,,日本,1,,,2.5,5.4、7.6,,,,,,木造、素地、頭髪群青彩、髪際線白緑彩、着衣の文様は金泥,一木造,,,,台座、光背、厨子,フィリップ・フランツ・フォン・シーボルト,Philipp Franz von Siebold,,,,S2269,,,佐々木守俊,2012/5,佐々木守俊,,,総高約5.4、厨子高7.6,,10,ss-1,2269,
515,五大陸博物館,"Museum Fünf Kontinente",S868,MFK-S868,Ⅴ,1,妙見菩薩坐像（厨子入）,,,彫刻,,,18-19,,,日本,1,,,5.3,5.3、7.3,,,,,,木造、素地,一木造,,,,台座、厨子,フィリップ・フランツ・フォン・シーボルト,Philipp Franz von Siebold,,,,S868,       „     摩利支天像,  „                 „     Marisiten ,佐々木守俊,2012/5,佐々木守俊,,,総高約5.3、厨子高7.3,,11,ss-1,868,
516,五大陸博物館,"Museum Fünf Kontinente",S2268,MFK-S2268,Ⅴ,1,烏栖沙摩明王立像（厨子入）,,,彫刻,,,18-19,,,日本,1,,,4,6.2、8.8,,,,,,木造、素地、頭髪と瓔珞は彩色,一木造,,,,台座、厨子,フィリップ・フランツ・フォン・シーボルト,Philipp Franz von Siebold,,,,S2268,,,佐々木守俊,2012/5,佐々木守俊,,,総高6.2、厨子高8.8,,12,ss-1,2268,
517,五大陸博物館,"Museum Fünf Kontinente",S2267,MFK-S2267,Ⅴ,1,地蔵菩薩立像（厨子入）,,,彫刻,,,18-19,,,日本,1,,,4,7.5、8.9,,,,,,木造、素地、着衣の文様は金泥、瓔珞は彩色,一木造,,,,台座、光背、厨子,フィリップ・フランツ・フォン・シーボルト,Philipp Franz von Siebold,,,,S2267,,,佐々木守俊,2012/5,佐々木守俊,,,総高7.5、厨子高8.9,,13,ss-1,2267,
518,五大陸博物館,"Museum Fünf Kontinente",S2270,MFK-S2270,Ⅴ,1,如意輪観音菩薩坐像（厨子入）,,,彫刻,,,18-19,,,日本,1,,,2.5,6.0、7.3,,,,,,木造、素地、頭髪群青彩、瓔珞は彩色,一木造,,,,台座、光背、厨子,フィリップ・フランツ・フォン・シーボルト,Philipp Franz von Siebold,,,,S2270,,,佐々木守俊,2012/5,佐々木守俊,,,総高6.0、厨子高7.3,,14,ss-1,2270,
519,五大陸博物館,"Museum Fünf Kontinente",S866,MFK-S866,Ⅴ,1,普賢菩薩騎象像（厨子入）,,,彫刻,,,18-19,,,日本,1,,,2.5,6.0、7.4,,,,,,木造、素地、頭髪群青彩、瓔珞は彩色,一木造,,,,台座、光背、厨子,フィリップ・フランツ・フォン・シーボルト,Philipp Franz von Siebold,,,,S866,       „     文殊菩薩像,„                 „     Monzjiu Bosats,佐々木守俊,2012/5,佐々木守俊,,,総高6.0、厨子高7.4,,15,ss-1,866,
520,五大陸博物館,"Museum Fünf Kontinente",S2266,MFK-S2266,Ⅴ,1,不動明王二童子像（厨子入）,,,彫刻,,,18-19,,,日本,3,,,3.0、2.7、2.7,7.4、9.5,,,,,,木造、素地、着衣の文様は金泥、瓔珞は彩色,一木造,,,,台座、光背、厨子,フィリップ・フランツ・フォン・シーボルト,Philipp Franz von Siebold,,,,S2266,,,佐々木守俊,2012/5,佐々木守俊,,,不動約3.0、矜羯羅約2.7、制多迦約2.7、総高7.4、厨子高9.5,,16,ss-1,2266,
521,五大陸博物館,"Museum Fünf Kontinente",S829a,MFK-S829a,Ⅴ,1,位牌,,,木工品,,,,1841,天保12年,日本,1 ,4.1,8.8,12.6,,,,,,,木造、黒漆塗り、金泥塗り,,,,,,フィリップ・フランツ・フォン・シーボルト,Philipp Franz von Siebold,,,,S829a,10死後僧侶によって記される死者の名前が記された [S. 48]蒔絵の銘板《位牌》、この板はその家族の寺か私礼拝堂《仏壇》で保管される,10 Gedenktafeln  verlackt und vergoldet  auf denen die Namen der Verstorbenen nach ihrem Tode von den Priestern eingetragen werden. [S. 48] Diese Tafeln werden entweder in den Familientempeln oder Hauskapellen aufbewahrt.,佐々木守俊,2014/7,勝田徹:佐々木守俊,,,,,17,ss-2,829,a
522,五大陸博物館,"Museum Fünf Kontinente",S829b,MFK-S829b,Ⅴ,1,位牌,,,木工品,,,18-19,,,日本,1 ,6,14.1,38.2,,,,,,,木造、黒漆塗り、金泥塗り、獅子の顔は彩色,,,,,,フィリップ・フランツ・フォン・シーボルト,Philipp Franz von Siebold,,,,S829b,10死後僧侶によって記される死者の名前が記された [S. 48]蒔絵の銘板《位牌》、この板はその家族の寺か私礼拝堂《仏壇》で保管される,10 Gedenktafeln  verlackt und vergoldet  auf denen die Namen der Verstorbenen nach ihrem Tode von den Priestern eingetragen werden. [S. 48] Diese Tafeln werden entweder in den Familientempeln oder Hauskapellen aufbewahrt.,佐々木守俊,2014/7,勝田徹:佐々木守俊,,,,,18,ss-2,829,b
523,五大陸博物館,"Museum Fünf Kontinente",S829e,MFK-S829e,Ⅴ,1,位牌,,,木工品,,,,1793,寛政5年,日本,1 ,5.2,11,33.2,,,,,,,木造、金泥塗り、黒漆塗り、獅子の頭部は彩色,,,,,,フィリップ・フランツ・フォン・シーボルト,Philipp Franz von Siebold,,,,S829e,10死後僧侶によって記される死者の名前が記された [S. 48]蒔絵の銘板《位牌》、この板はその家族の寺か私礼拝堂《仏壇》で保管される,10 Gedenktafeln  verlackt und vergoldet  auf denen die Namen der Verstorbenen nach ihrem Tode von den Priestern eingetragen werden. [S. 48] Diese Tafeln werden entweder in den Familientempeln oder Hauskapellen aufbewahrt.,佐々木守俊,2014/7,勝田徹:佐々木守俊,,,,,19,ss-2,829,e
524,五大陸博物館,"Museum Fünf Kontinente",S829f,MFK-S829f,Ⅴ,1,位牌,,,木工品,,,18-19,,,日本,1 ,5.9,13.9,38,,,,,,,木造、黒漆塗り、金泥塗り、獅子の顔は彩色,,,,,,フィリップ・フランツ・フォン・シーボルト,Philipp Franz von Siebold,,,,S829f,10死後僧侶によって記される死者の名前が記された [S. 48]蒔絵の銘板《位牌》、この板はその家族の寺か私礼拝堂《仏壇》で保管される,10 Gedenktafeln  verlackt und vergoldet  auf denen die Namen der Verstorbenen nach ihrem Tode von den Priestern eingetragen werden. [S. 48] Diese Tafeln werden entweder in den Familientempeln oder Hauskapellen aufbewahrt.,佐々木守俊,2014/7,勝田徹:佐々木守俊,,,,,20,ss-2,829,ｆ
525,五大陸博物館,"Museum Fünf Kontinente",S829g,MFK-S829g,Ⅴ,1,位牌,,,木工品,,,,1846,弘化3年,日本,1 ,6.9,15,43.4,,,,,,,木造、金泥塗り、黒漆塗り,,,,,,フィリップ・フランツ・フォン・シーボルト,Philipp Franz von Siebold,,,,S829g,10死後僧侶によって記される死者の名前が記された [S. 48]蒔絵の銘板《位牌》、この板はその家族の寺か私礼拝堂《仏壇》で保管される,10 Gedenktafeln  verlackt und vergoldet  auf denen die Namen der Verstorbenen nach ihrem Tode von den Priestern eingetragen werden. [S. 48] Diese Tafeln werden entweder in den Familientempeln oder Hauskapellen aufbewahrt.,佐々木守俊,2014/7,勝田徹:佐々木守俊,,,,,21,ss-2,829,g
526,五大陸博物館,"Museum Fünf Kontinente",S829i,MFK-S829i,Ⅴ,1,位牌,,,木工品,,,18-19,,,日本,1 ,3.7,9.1,12.9,,,,,,,木造、金泥塗り、漆塗り、一部彩色,,,,,,フィリップ・フランツ・フォン・シーボルト,Philipp Franz von Siebold,,,,S829i,10死後僧侶によって記される死者の名前が記された [S. 48]蒔絵の銘板《位牌》、この板はその家族の寺か私礼拝堂《仏壇》で保管される,10 Gedenktafeln  verlackt und vergoldet  auf denen die Namen der Verstorbenen nach ihrem Tode von den Priestern eingetragen werden. [S. 48] Diese Tafeln werden entweder in den Familientempeln oder Hauskapellen aufbewahrt.,佐々木守俊,2014/7,勝田徹:佐々木守俊,,,,,22,ss-2,829,i
527,五大陸博物館,"Museum Fünf Kontinente",S829k,MFK-S829k,Ⅴ,1,位牌,,,木工品,,,18-19,,,日本,1 ,5.5,9.1,22.4,,,,,,,木造、金泥塗り、黒漆塗り,,,,,,フィリップ・フランツ・フォン・シーボルト,Philipp Franz von Siebold,,,,S829k,10死後僧侶によって記される死者の名前が記された [S. 48]蒔絵の銘板《位牌》、この板はその家族の寺か私礼拝堂《仏壇》で保管される,10 Gedenktafeln  verlackt und vergoldet  auf denen die Namen der Verstorbenen nach ihrem Tode von den Priestern eingetragen werden. [S. 48] Diese Tafeln werden entweder in den Familientempeln oder Hauskapellen aufbewahrt.,佐々木守俊,2014/7,勝田徹:佐々木守俊,,,,,23,ss-2,829,k
528,五大陸博物館,"Museum Fünf Kontinente",S829,MFK-S829,Ⅴ,1,位牌,,,木工品,,,,1806,文化3年,日本,1 ,6.8,16.5,49,,,,,,,木造、金泥塗り、黒漆塗り,,,,,,フィリップ・フランツ・フォン・シーボルト,Philipp Franz von Siebold,,,,S829,10死後僧侶によって記される死者の名前が記された [S. 48]蒔絵の銘板《位牌》、この板はその家族の寺か私礼拝堂《仏壇》で保管される,10 Gedenktafeln  verlackt und vergoldet  auf denen die Namen der Verstorbenen nach ihrem Tode von den Priestern eingetragen werden. [S. 48] Diese Tafeln werden entweder in den Familientempeln oder Hauskapellen aufbewahrt.,佐々木守俊,2014/7,勝田徹:佐々木守俊,,,,,24,ss-2,829,
529,五大陸博物館,"Museum Fünf Kontinente",S830a,MFK-S830a,Ⅴ,2,高杯,,,木工品,,,18-19,,,日本,1 ,15.5,15.5,20.7,,,,,,,木造、金泥塗り、黒漆塗り,,,,,,フィリップ・フランツ・フォン・シーボルト,Philipp Franz von Siebold,,,,S830a,2 祭壇を飾る金塗りの蓮の花,2 vergoldete Lotosblumen  Altarverzierungen ,佐々木守俊,2012/5,勝田徹:佐々木守俊,,,,,25,ss-1,830,a
530,五大陸博物館,"Museum Fünf Kontinente",S830b,MFK-S830b,Ⅴ,2,高杯,,,木工品,,,18-19,,,日本,1 ,15.4,15.4,20.5,,,,,,,木造、金泥塗り、黒漆塗り,,,,,,フィリップ・フランツ・フォン・シーボルト,Philipp Franz von Siebold,,,,S830b,2 祭壇を飾る金塗りの蓮の花,2 vergoldete Lotosblumen  Altarverzierungen ,佐々木守俊,2012/5,勝田徹:佐々木守俊,,,,,26,ss-1,830,b
531,五大陸博物館,"Museum Fünf Kontinente",S831a,MFK-S831a,Ⅴ,2,供物台？,,,木工品,,,18-19,,,日本,1 ,13.9,13.9,19.3,,,,,,,木造、金泥塗り、黒漆塗り,,,,,,フィリップ・フランツ・フォン・シーボルト,Philipp Franz von Siebold,,,,S831a,2 同様に金塗りの台座,2 vergoldete Piedestal  desgll.,佐々木守俊,2012/5,佐々木守俊,,,,,27,ss-1,831,a
532,五大陸博物館,"Museum Fünf Kontinente",S831b,MFK-S831b,Ⅴ,2,供物台？,,,木工品,,,18-19,,,日本,1 ,13.9,13.9,19.4,,,,,,,木造、金泥塗り、黒漆塗り,,,,,,フィリップ・フランツ・フォン・シーボルト,Philipp Franz von Siebold,,,,S831b,2 同様に金塗りの台座,2 vergoldete Piedestal  desgll.,佐々木守俊,2012/5,佐々木守俊,,,,,28,ss-1,831,b
533,五大陸博物館,"Museum Fünf Kontinente",S601a,MFK-S601a,Ⅴ,2,供華または華足,,,木工品,,,18-19,,,日本,1,11.9,13.4,14.9,,,,,,,木造、金泥塗り、黒漆塗り,,,,,,フィリップ・フランツ・フォン・シーボルト,Philipp Franz von Siebold,,,,S601a,4 金塗りの供物台,4 vergoldete Opferstaender,佐々木守俊,2012/5,勝田徹:佐々木守俊,,,,,29,ss-1,601,a
534,五大陸博物館,"Museum Fünf Kontinente",S601b,MFK-S601b,Ⅴ,2,供華または華足,,,木工品,,,18-19,,,日本,1,12,13.5,15,,,,,,,木造、金泥塗り、黒漆塗り,,,,,,フィリップ・フランツ・フォン・シーボルト,Philipp Franz von Siebold,,,,S601b,4 金塗りの供物台,4 vergoldete Opferstaender,佐々木守俊,2012/5,勝田徹:佐々木守俊,,,,,30,ss-1,601,b
535,五大陸博物館,"Museum Fünf Kontinente",S601c,MFK-S601c,Ⅴ,2,供華または華足,,,木工品,,,18-19,,,日本,1,11,12.5,13.5,,,,,,,木造、金泥塗り、黒漆塗り,,,,,,フィリップ・フランツ・フォン・シーボルト,Philipp Franz von Siebold,,,,S601c,4 金塗りの供物台,4 vergoldete Opferstaender,佐々木守俊,2012/5,勝田徹:佐々木守俊,,,,,31,ss-1,601,c
536,五大陸博物館,"Museum Fünf Kontinente",S601d,MFK-S601d,Ⅴ,2,供華または華足,,,木工品,,,18-19,,,日本,1,11,12.5,13.5,,,,,,,木造、金泥塗り、黒漆塗り,,,,,,フィリップ・フランツ・フォン・シーボルト,Philipp Franz von Siebold,,,,S601d,4 金塗りの供物台,4 vergoldete Opferstaender,佐々木守俊,2012/5,勝田徹:佐々木守俊,,,,,32,ss-1,601,d
537,五大陸博物館,"Museum Fünf Kontinente",S1947,MFK-S1947,Ⅴ,2,蓮華座,,,彫刻,,,18-19,,,日本,1,15.4,15.5,6.8,,,,,,,木造、金泥塗り、黒漆塗り,,,,,,フィリップ・フランツ・フォン・シーボルト,Philipp Franz von Siebold,,,,S1947,,,佐々木守俊,2012/5,佐々木守俊,,,,,33,ss-1,1947,
538,五大陸博物館,"Museum Fünf Kontinente",S888,MFK-S888,Ⅴ,2,矜羯羅童子立像（厨子入）,,,彫刻,,,18-19,,,日本,1,,,12.3,16.3、23.8,,,,,,木造、彩色,一木造,,,,厨子、台座,フィリップ・フランツ・フォン・シーボルト,Philipp Franz von Siebold,,,,S888,1     „   矜羯羅童子　制多迦童子 像,„     „     „   Kongardo dôsi Seitataka dôsi ,佐々木守俊,2012/5,佐々木守俊,,,総高12.3、厨子高23.8,,34,ss-1,888,
539,五大陸博物館,"Museum Fünf Kontinente",S978,MFK-S978,Ⅴ,2,狐,,,彫刻,,,18-19,,,日本,1,7.5,3.7,8.8,12.9,,,,,,木造、金泥塗り,一木造か,,,,台座,フィリップ・フランツ・フォン・シーボルト,Philipp Franz von Siebold,,,,S978,1 金塗りの狐の神。日本では狐はその狡猾さにより崇拝され、それに 奉献された小さな礼拝堂が至る所に見られる,"1 vergoldeter Fuchsgott.    In Japan wird der Fuchs seiner Schlauheit wegen verehrt und überall sieht man kleine Kapellen diesem  geweiht.",佐々木守俊,2012/5,佐々木守俊,,,,,35,ss-1,978,
540,五大陸博物館,"Museum Fünf Kontinente",S908,MFK-S908,Ⅴ,3,阿弥陀如来坐像,,,彫刻,,,,1776,安永5年,日本,1,,7.8,10.6,36.5,,,,,,木造、金泥塗り,一木造,,,,台座、光背,フィリップ・フランツ・フォン・シーボルト,Philipp Franz von Siebold,,,,S908,1 同上のもの阿弥陀如来の左側の像,1 do links auch Amida Mijorai,佐々木守俊,2012/5,勝田徹:佐々木守俊,,,,,36,ss-1,908,
541,五大陸博物館,"Museum Fünf Kontinente",S2227,MFK-S2227,Ⅴ,3,勢至菩薩及び二龍王立像,,,彫刻,,,18-19,,,日本,3,,,12.0、9.3、9.4,30.5,,,,,,木造、勢至は金泥塗り、二龍王および台座は彩色,一木造,,,,台座,フィリップ・フランツ・フォン・シーボルト,Philipp Franz von Siebold,,,,S2227,,,佐々木守俊,2012/5,佐々木守俊,,,勢至12.0、龍王（左）9.3、（右）9.4,,37,ss-1,2227,
542,五大陸博物館,"Museum Fünf Kontinente",S918,MFK-S918,Ⅴ,3,如来坐像,,,彫刻,,,18-19,,,日本,1,,13.2,16.5,37.9,,,,,,木造、金泥塗り、玉眼嵌入,不明,,,,台座、光背,フィリップ・フランツ・フォン・シーボルト,Philipp Franz von Siebold,,,,S918,1阿弥陀 如来の金塗りの像,1 vergoldete Figur des Amida Njorai,佐々木守俊,2012/5,佐々木守俊,,,,,38,ss-1,918,
543,五大陸博物館,"Museum Fünf Kontinente",S915,MFK-S915,Ⅴ,4,釈迦如来坐像,,,彫刻,,,18-19,,,日本,1,,17.7,21.3,38.2,,,,,,木造、漆箔,一木造,,,,台座、光背,フィリップ・フランツ・フォン・シーボルト,Philipp Franz von Siebold,,,,S915,1 偶像 Zjo ben 阿弥陀の坐像,1 sitzende Figur des Abgottes Zjo ben Amida,佐々木守俊,2012/5,佐々木守俊,,,,,39,ss-1,915,
544,五大陸博物館,"Museum Fünf Kontinente",S906,MFK-S906,Ⅴ,11,普賢延命菩薩騎象像,,,彫刻,,,18-19,,,日本,1,,3.6,6.7,16.9,,,,,,木造、金泥塗り,一木造,,,,台座、光背,フィリップ・フランツ・フォン・シーボルト,Philipp Franz von Siebold,,,,S906,1 金が施されたHeusja 菩薩の坐像,1 Figur vergoldet und sitzend  der Heusja Bosats.,佐々木守俊,2012/5,佐々木守俊,,,,,40,ss-1,906,
545,五大陸博物館,"Museum Fünf Kontinente",S869,MFK-S869,Ⅴ,11,十一面観音菩薩立像,,,彫刻,,,18-19,,,日本,1,,,8.6,16.9,,,,,,木造、素地、頭髪群青彩、着衣の文様は金泥、瓔珞は彩色,一木造,,,,台座、光背,フィリップ・フランツ・フォン・シーボルト,Philipp Franz von Siebold,,,,S869,      „     Sjo 観世音像,  „                 „     Sjo Kwanzeon ,佐々木守俊,2012/5,勝田徹:佐々木守俊,,,,,41,ss-1,869,
546,五大陸博物館,"Museum Fünf Kontinente",S1699,MFK-S1699,Ⅴ,11,聖観音菩薩立像,,,彫刻,,,18-19,,,日本,1,,,9.2,16.7,,,,,,木造、素地、頭髪群青彩、着衣の文様は金泥、瓔珞は彩色,一木造,,,,台座、光背,フィリップ・フランツ・フォン・シーボルト,Philipp Franz von Siebold,,,,S1699,,,佐々木守俊,2012/5,勝田徹:佐々木守俊,,,,,42,ss-1,1699,
547,五大陸博物館,"Museum Fünf Kontinente",S973,MFK-S973,Ⅴ,11,天神坐像,,,彫刻,,,18-19,,,日本,1,,9,6.8,10.5,,,,,,木造、彩色,一木造,,,,台座,フィリップ・フランツ・フォン・シーボルト,Philipp Franz von Siebold,,,,S973,1 Kan_jo_soの像、この絵の上部は明瞭である。知恵と学問の神。若い人々は寺にこれが持っているのと同じ勉強道具を寺に奉納する,"1 Figur des Kan-jo-so  dessen Bild oben ersichtlich. Der Gott der Weisheit und Wissenschaft. Junge Leute bringen dem Tempel desselben Schulgeraethe zum Opfer.",佐々木守俊,2012/5,佐々木守俊,,,,,43,ss-1,973,
548,五大陸博物館,"Museum Fünf Kontinente",S858,MFK-S858,Ⅴ,11,文殊菩薩騎獅像,,,彫刻,,,18-19,,,日本,1,,5.8,7.9,21.2,,,,,,木造、素地、頭髪群青彩、着衣の文様は金泥、瓔珞は彩色,一木造,,,,台座、光背,フィリップ・フランツ・フォン・シーボルト,Philipp Franz von Siebold,,,,S858,       „    文殊菩薩像,    „                 „              Monzjiu Bosats,佐々木守俊,2012/5,勝田徹:佐々木守俊,,,,,44,ss-1,858,
549,五大陸博物館,"Museum Fünf Kontinente",S916,MFK-S916,Ⅴ,11,如来坐像,,,彫刻,,,18-19,,,日本,1,,9,10.7,19,,,,,,木造、肉身部金泥塗り、着衣部古色,一木造,,,,台座,フィリップ・フランツ・フォン・シーボルト,Philipp Franz von Siebold,,,,S916,1 小型の阿弥陀如来 [!]像,1 kleine Figur des Amida Njorai [!],佐々木守俊,2012/5,佐々木守俊,,,,,45,ss-1,916,
550,五大陸博物館,"Museum Fünf Kontinente",S971,MFK-S971_1,漆Ⅴ,Tür5 Fach4,大黒天立像（厨子入）,,,彫刻,,,18-19,,,日本,1,,,15.5,30.3、厨子高42.9,,,,,,木造、彩色,不明,,,,台座、厨子,フィリップ・フランツ・フォン・シーボルト,Philipp Franz von Siebold,,,,S971,1 二つの米袋の上に座り、それが[S. 57]触れた 全ての物を金に変える槌を手にして振っている福の神  の像,1 Figur des Gottes  des Reichthums  auf zwei Reissaecken sitzend  in seiner Hand den Hammer schwingend  wo Alles sich in Gold verwandelt  was [S. 57] er damit berührt. ,佐々木守俊,2012/5,勝田徹:佐々木守俊,,,総高約30.3、厨子高42.9,,46,ss-1,971,1
551,五大陸博物館,"Museum Fünf Kontinente",S946,MFK-S946_ss,漆Ⅴ,Tür5 Fach4,恵比寿半跏像,,,彫刻,,,18-19,,,日本,1,,,15.2,31,,,,,,木造、彩色,一木造,,,,台座,フィリップ・フランツ・フォン・シーボルト,Philipp Franz von Siebold,,,,S946,腕の下に魚をたずさえる海[!]の神恵比寿。この神は富と富裕の守護神でもある,Der Gott der Seeen [!]  Zebirus  mit einem Fische unter dem Arme. Dieser Gott ist auch zu gleicher Zeit der Beschutzgott des Reichtums und der Wohlhabenheit. ,佐々木守俊:日高薫,2012/5,勝田徹:佐々木守俊,,,,,47,ss-1,946,
552,五大陸博物館,"Museum Fünf Kontinente",S926,MFK-S926_1,漆Ⅲ,Tür1 Fach6,多宝如来坐像（厨子入）,,,彫刻,,,18-19,,,日本,1,,11.5,15.3,29.7、38.4,,,,,,木造、金泥塗り,一木造,,,,台座、厨子,フィリップ・フランツ・フォン・シーボルト,Philipp Franz von Siebold,,,,S926,1 阿弥陀如来神,1 Gott Amida nia-rai,佐々木守俊,2012/5,勝田徹:佐々木守俊,,,総高29.7、厨子高38.4,,48,ss-1,926,1
553,五大陸博物館,"Museum Fünf Kontinente",S925,MFK-S925_1,漆Ⅲ,Tür1 Fach6,鬼子母神立像（厨子入）,,,彫刻,,,18-19,,,日本,1,,6,17.4,28.2、35.0,,,,,,木造、彩色、玉眼嵌入,一木造か,,,,台座、厨子,フィリップ・フランツ・フォン・シーボルト,Philipp Franz von Siebold,,,,S925,1 金塗りの箱に納めた女性の守護神Koi asu koi non,1 Hilfsgöttin der Frauen Koi asu koi non in vergoldetem  Kasten,佐々木守俊,2012/5,勝田徹:佐々木守俊,,,総高28.2、厨子高35.0,,49,ss-1,925,1
554,五大陸博物館,"Museum Fünf Kontinente",S909,MFK-S909,漆Ⅳ,Tür2 Fach3,馬頭観音菩薩坐像（厨子入）,,,彫刻,,,18-19,,,日本,1,,8.9,11.1,38.0、54.0,,,,,,木造、素地、着衣の文様は金泥,一木造,,,,台座、光背、厨子,フィリップ・フランツ・フォン・シーボルト,Philipp Franz von Siebold,,,,S909,1 より小型の阿弥陀の右《の像》,1 kleinere rechts  Amida.,佐々木守俊,2012/5,勝田徹:佐々木守俊,,,総高38.0、厨子高54.0,,50,ss-1,909,
555,五大陸博物館,"Museum Fünf Kontinente",S928,MFK-S928,漆Ⅳ,Tür2 Fach3,薬師如来坐像（厨子入）,,,彫刻,,,18-19,,,日本,1,,10.5,17.1,57.5、71.0,,,,,,木造、金泥塗り,不明,,,,台座、光背、厨子,フィリップ・フランツ・フォン・シーボルト,Philipp Franz von Siebold,,,,S928,1 大型の偶像  薬 師如来、その箱の扉の上に 様々な仏陀 の師と弟子の図が描かれている,"1 großer Götze  Ja-kn -si-ni-ro-jai Auf  den Thüren des Kastens finden sich Abbildungen der verschiedenen Lehrer und Schüler von Buddha .",佐々木守俊,2012/5,勝田徹:佐々木守俊,,,総高57.5、厨子高71.0,,51,ss-1,928,
556,五大陸博物館,"Museum Fünf Kontinente",S933,MFK-S933,漆Ⅳ,Tür2 Fach3,三宝荒神立像（厨子入）,,,彫刻,,,18-19,,,日本,1,,11.7,23.7,42.0、51.0,,,,,,木造、彩色,不明,,,,台座、光背、厨子,フィリップ・フランツ・フォン・シーボルト,Philipp Franz von Siebold,,,,S933,1 三頭のSanbôdaikozin,1 dreikoepfiger Sanbôdaikozin,佐々木守俊,2012/5,勝田徹:佐々木守俊,,,総高約42.0、厨子高51.0,,52,ss-1,933,
557,五大陸博物館,"Museum Fünf Kontinente",S1946,MFK-S1946,Ⅴ,11,如来坐像,,,彫刻,,,16-17,,,日本,1,,15,18.3,,,,,,,木造、漆箔、玉眼嵌入「,寄木造,,,,,フィリップ・フランツ・フォン・シーボルト,Philipp Franz von Siebold,,,,S1946,,,佐々木守俊,2012/5,勝田徹:佐々木守俊,,,,,53,ss-1,1946,
558,五大陸博物館,"Museum Fünf Kontinente",S887,MFK-S887,Ⅴ,11,釈迦如来坐像,,,彫刻,,,18-19,,,日本,1,,7.1,10.1,24.3,,,,,,木造、金泥塗り,一木造,,,,台座、光背,フィリップ・フランツ・フォン・シーボルト,Philipp Franz von Siebold,,,,S887,1     „   Jôriu 観音像,„     „     „   Jôriu Kwannon ,佐々木守俊,2012/5,佐々木守俊,,,,,54,ss-1,887,
559,五大陸博物館,"Museum Fünf Kontinente",S859,MFK-S859,Ⅴ,11,普賢菩薩騎象像,,,彫刻,,,18-19,,,日本,1,,5.9,7.8,21.1,,,,,,木造、素地、頭髪群青彩、着衣の文様は金泥、瓔珞は彩色,一木造,,,,台座、光背,フィリップ・フランツ・フォン・シーボルト,Philipp Franz von Siebold,,,,S859,       „    普賢 菩薩像, „                 „               Fugen Bosats,佐々木守俊,2012/5,勝田徹:佐々木守俊,,,,,55,ss-1,859,
560,五大陸博物館,"Museum Fünf Kontinente",S889,MFK-S889,Ⅴ,11,観音菩薩立像,,,彫刻,,,18-19,,,日本,1,,,12.2,18.7,,,,,,木造、金泥塗り、頭髪群青彩,一木造,,,,台座,フィリップ・フランツ・フォン・シーボルト,Philipp Franz von Siebold,,,,S889,1   観音菩薩像,„     „     „   Kwannon Bosats,佐々木守俊,2012/5,勝田徹:佐々木守俊,,,,,56,ss-1,889,
561,五大陸博物館,"Museum Fünf Kontinente",S874,MFK-S874,Ⅴ,11,聖観音菩薩立像,,,彫刻,,,18-19,,,日本,1,,,10.7,18.2,,,,,,木造、金泥塗り、頭髪墨塗り,一木造,,,,台座、光背,フィリップ・フランツ・フォン・シーボルト,Philipp Franz von Siebold,,,,S874,       „     Sijo 観世音像, „                 „     Sijo Kwanzeon ,佐々木守俊,2012/5,勝田徹:佐々木守俊,,,,,57,ss-1,874,
562,五大陸博物館,"Museum Fünf Kontinente",S857,MFK-S857,Ⅴ,11,十一面観音菩薩立像,,,彫刻,,,18-19,,,日本,1,,7.5,17.2,31.3,,,,,,木造、金泥塗り、頭髪群青彩,一木造,,,,台座、光背,フィリップ・フランツ・フォン・シーボルト,Philipp Franz von Siebold,,,,S857,1 守護神 Sjo観世音像,1 Figur des Schutzgottes Sjokwanzeon,佐々木守俊,2012/5,勝田徹:佐々木守俊,,,,,58,ss-1,857,
563,五大陸博物館,"Museum Fünf Kontinente",S832,MFK-S832,Ⅴ,11,厨子,,,木工品,,,18-19,,,日本,1 ,16.3,16.3,27.7,,,,,,,木造、漆箔、金泥塗り、、朱漆塗り,,,,,,フィリップ・フランツ・フォン・シーボルト,Philipp Franz von Siebold,,,,S832,1 金塗りの柱形の 祈祷台,1 vergoldete saeulenfoermige Gedenktafel.,佐々木守俊,2012/5,佐々木守俊,,,,,59,ss-1,832,
564,五大陸博物館,"Museum Fünf Kontinente",S841,MFK-S841,Ⅴ,11,善導大師坐像,,,彫刻,,,18-19,,,日本,1 ,,9.7,11,20.7,,,,,,木造、彩色、腰より下は金泥塗り,一木造,,,,台座,フィリップ・フランツ・フォン・シーボルト,Philipp Franz von Siebold,,,,S841,1 Gjo大師の像、天台宗の開祖,1 Figur des Gjo Daisi  Stifter der Sekte Tendai ,佐々木守俊,2012/5,佐々木守俊,,,,,60,ss-1,841,
565,五大陸博物館,"Museum Fünf Kontinente",S861,MFK-S861,Ⅴ,11,毘沙門天立像（厨子入）,,,彫刻,,,18-19,,,日本,1,,,10.5,18.3、23.4,,,,,,木造、素地,一木造,,,,台座、光背、厨子,フィリップ・フランツ・フォン・シーボルト,Philipp Franz von Siebold,,,,S861,       „     毘沙門天像,  „                 „               Bisja Monden ,佐々木守俊,2012/5,佐々木守俊,,,総高18.3、厨子高23.4,,61,ss-1,861,
566,五大陸博物館,"Museum Fünf Kontinente",S842,MFK-S842,Ⅶ,26,僧形坐像,,,彫刻,,,18-19,,,日本,1 ,,10,11,17.2,,,,,,木造、彩色、玉眼嵌入,一木造か,,,,台座,フィリップ・フランツ・フォン・シーボルト,Philipp Franz von Siebold,,,,S842,1仏陀《仏教ヵ》僧Sjozjukoksiの同上のもの,1 do des Buddhapriesters Sjozjukoksi,佐々木守俊,2012/5,佐々木守俊,,,,,62,ss-1,842,
567,五大陸博物館,"Museum Fünf Kontinente",S891,MFK-S891,Ⅶ,26,妙見菩薩坐像,,,彫刻,,,18-19,,,日本,1,,7.2,9.3,17.4,,,,,,木造、墨塗り、金泥文様,一木造,,,,台座,フィリップ・フランツ・フォン・シーボルト,Philipp Franz von Siebold,,,,S891,1   偶像摩利支天像,„     „     „   Abgottes Marisiten,佐々木守俊,2012/5,佐々木守俊,,,,,63,ss-1,891,
568,五大陸博物館,"Museum Fünf Kontinente",S840,MFK-S840,Ⅶ,26,僧形倚像,,,彫刻,,,18-19,,,日本,1 ,,7.9,9.2,16.3,,,,,,木造、彩色,一木造か,,,,台座,フィリップ・フランツ・フォン・シーボルト,Philipp Franz von Siebold,,,,S840,1 仏陀《仏教ヵ》僧の像、隠元禅師,1 Figur des Buddhapriesters Ingensensi,佐々木守俊,2012/5,佐々木守俊,,,,,64,ss-1,840,
569,五大陸博物館,"Museum Fünf Kontinente",S885,MFK-S885,Ⅶ,26,千里眼立像,,,彫刻,,,18-19,,,日本,1,,6.9,13.3,17.5,,,,,,木造、彩色,一木造,,,,台座,フィリップ・フランツ・フォン・シーボルト,Philipp Franz von Siebold,,,,S885,別の表現による崇拝された仁王権現像, „     „        „          „   in anderer Darstellung.,佐々木守俊,2012/5,勝田徹:佐々木守俊,,,,,65,ss-1,885,
570,五大陸博物館,"Museum Fünf Kontinente",S975,MFK-S975,Ⅶ,26,渡唐天神立像,,,彫刻,,,18-19,,,日本,1,,,9.8,11.4,,,,,,木造、彩色,一木造,,,,台座,フィリップ・フランツ・フォン・シーボルト,Philipp Franz von Siebold,,,,S975,1渡唐天神  と呼ばれる首都江戸の守護神,1 Schutzgott der Hauptstadt Jedo Tctotensin  genannt ,佐々木守俊,2012/5,勝田徹:佐々木守俊,,,,,66,ss-1,975,
571,五大陸博物館,"Museum Fünf Kontinente",S974,MFK-S974,Ⅶ,26,男神立像,,,彫刻,,,18-19,,,日本,1,,,9.3,11.2,,,,,,木造、彩色,一木造,,,,台座,フィリップ・フランツ・フォン・シーボルト,Philipp Franz von Siebold,,,,S974,1 崇拝された山王権現の像,1 Figur des vergoetterten Sanno=gongen.,佐々木守俊,2012/5,佐々木守俊,,,,,67,ss-1,974,
572,五大陸博物館,"Museum Fünf Kontinente",S1949,MFK-S1949,Ⅶ,26,白衣観音菩薩坐像（像）,,,彫刻,,,18-19,,,日本,1,,,8.2,,,,,,,木造、古色,一木造,,,,台座,フィリップ・フランツ・フォン・シーボルト,Philipp Franz von Siebold,,,,S1949,,,佐々木守俊,2012/5,佐々木守俊,,,台座はＳ1950,,68,ss-1,1949,
573,五大陸博物館,"Museum Fünf Kontinente",S1950,MFK-S1950,Ⅶ,26,白衣観音菩薩坐像（台）,,,彫刻,,,18-19,,,日本,1,,,6.1,,,,,,,木製,,,,,,フィリップ・フランツ・フォン・シーボルト,Philipp Franz von Siebold,,,,S1950,,,佐々木守俊,2012/5,佐々木守俊,,,,,68,ss-1,1950,
574,五大陸博物館,"Museum Fünf Kontinente",S884,MFK-S884,Ⅶ,26,天王立像,,,彫刻,,,18-19,,,日本,1,,5.2,12.2,17.2,,,,,,木造、彩色,一木造,,,,台座,フィリップ・フランツ・フォン・シーボルト,Philipp Franz von Siebold,,,,S884,崇拝された仁王権現像, „    „   vergoetterten Niwogongen ,佐々木守俊,2012/5,佐々木守俊,,,,,69,ss-1,884,
575,五大陸博物館,"Museum Fünf Kontinente",S843,MFK-S843,Ⅶ,26,日蓮上人坐像,,,彫刻,,,18-19,,,日本,1 ,,,4.4,7,,,,,,木造、彩色,一木造,,,,台座,フィリップ・フランツ・フォン・シーボルト,Philipp Franz von Siebold,,,,S843,1  „             „             日蓮上人の同上のもの ,1 do   „             „             Nitsirensjonin,佐々木守俊,2012/5,佐々木守俊,,,,,1,ss-1,843,
576,五大陸博物館,"Museum Fünf Kontinente",S976,MFK-S976,Ⅶ,26,鍾馗立像,,,彫刻,,,18-19,,,日本,1,,6.2,11.2,13,,,,,,木造、彩色,一木造,,,,台座,フィリップ・フランツ・フォン・シーボルト,Philipp Franz von Siebold,,,,S976,1 守護神鍾馗大神を表した、手にむき出しの刀剣を持った赤い像。これは[ワーグナー  彼は] 邪悪な亡霊に対する守護神である,1 Figur in Roth mit einem bloßen Schwert in der Hand  stellt den Schutzgott Sjo-ki-dai-sin vor. Das [W  Er] ist der Schutzgott gegen boese Geister.,佐々木守俊,2012/5,佐々木守俊,,,,,71,ss-1,976,
577,五大陸博物館,"Museum Fünf Kontinente",S844,MFK-S844,Ⅶ,26,日蓮上人坐像,,,彫刻,,,18-19,,,日本,1 ,,8.2,8.1,13.1,,,,,,木造、彩色,一木造,,,,台座,フィリップ・フランツ・フォン・シーボルト,Philipp Franz von Siebold,,,,S844,1 „             „             日蓮上人の同上のもの  ,1 do   „             „             Nitsirensjonin,佐々木守俊,2012/5,佐々木守俊,,,,,72,ss-1,844,
578,五大陸博物館,"Museum Fünf Kontinente",S867,MFK-S867,Ⅶ,26,地蔵菩薩半跏像,,,彫刻,,,18-19,,,日本,1,,6.4,7.5,13.9,,,,,,木造、彩色,一木造,,,,台座,フィリップ・フランツ・フォン・シーボルト,Philipp Franz von Siebold,,,,S867,       „     地蔵菩薩像, „                 „     Dsizo Bosats,佐々木守俊,2012/5,佐々木守俊,,,,,73,ss-1,867,
579,五大陸博物館,"Museum Fünf Kontinente",S980,MFK-S980,Ⅶ,26,恵比寿・大黒天坐像,,,彫刻,,,18-19,,,日本,2,,,5.0、5.0,10.8,,,,,,木造、素地、一部彩色,一木造,,,,台座,フィリップ・フランツ・フォン・シーボルト,Philipp Franz von Siebold,,,,S980,2 福の神大黒 と 恵比寿。彼らは木製で金塗りが施されている。大黒[S. 58]は米袋の上に座った姿で、恵比寿は魚のついた釣竿を持った姿で彼の富が釣りによってもたらされたことを象徴的に表している,2 Goetter des Reichtums  dai-bok  und je-bu-su. Sie sind in Holz gearbeitet und vergoldet. Daibok [S. 58] ist sitzend auf Reissaecken dargestellt  Jebusu einen Fisch an der Angel habend  sinnbildlich dargestellt  daß er seinen Reichthum durch Fischerei erworben.,佐々木守俊,2012/5,佐々木守俊,,,恵比寿5.0、大黒天5.0,,74,ss-1,980,
580,五大陸博物館,"Museum Fünf Kontinente",S886,MFK-S886,Ⅶ,26,龍女（？）立像,,,彫刻,,,18-19,,,日本,1,,5.5,12.9,15.2,,,,,,木造、彩色,一木造,,,,台座,フィリップ・フランツ・フォン・シーボルト,Philipp Franz von Siebold,,,,S886,1  Kongaro 童子像,1 Figur des Kongaro dôzi,佐々木守俊,2012/5,勝田徹:佐々木守俊,,,,,75,ss-1,886,
581,五大陸博物館,"Museum Fünf Kontinente",S896,MFK-S896_1_ss,Ⅴ,22,蓮華座,,,彫刻,,,18-19,,,日本,1,14.4,16.7,3.1,,,,,,,木造、古色、墨塗り,一材製,,,,,フィリップ・フランツ・フォン・シーボルト,Philipp Franz von Siebold,,,,S896,1 托鉢僧の木製の小太鼓、漆の台に載せる,1 kleine hoelzerne Trommel der Bettlermönche auf lackirten Piedestal ,佐々木守俊:澤田和人,2012/5:2014/3,佐々木守俊,,,「S894」と鉛筆でナンバリングしたうえで消去、「896？」と書き直す。このほかS896のナンバーを持つ木魚が存在する。,,76,ss-1,896,1
583,五大陸博物館,"Museum Fünf Kontinente",S756,MFK-S756_ss,Ⅴ,22,布袋坐像,,,彫刻,,,18-19,,,日本,1,,36.1,24.8,29.7,,,,,,陶製、彩色,,,,,台座,フィリップ・フランツ・フォン・シーボルト,Philipp Franz von Siebold,,,,S756,1 福の神の像、蒔絵が施された,1 Figur  Gott des Reichthums  verlackt und vergoldet ,佐々木守俊:澤田和人,2012/5:2014/3,勝田徹:佐々木守俊,,,,,78,ss-1,756,
584,五大陸博物館,"Museum Fünf Kontinente",S767,MFK-S767_ss,Ⅵ,1,恵比寿半跏像,,,彫刻,,,18-19,,,日本,1,,18.8,19.1,28.9,,,,,,陶製、彩色,,,,,台座,フィリップ・フランツ・フォン・シーボルト,Philipp Franz von Siebold,,,,S767,1 恵比寿の像、商業の神,1 Figur von Jebissu  Gott des Handels ,佐々木守俊:澤田和人,2012/5:2010/10,勝田徹:佐々木守俊,,,,,79,ss-1,767,
585,五大陸博物館,"Museum Fünf Kontinente",S179a,MFK-S179a,Ⅸ,13,美人図（ガラス絵）,,,絵画,,,19,,,日本,1,19.3,10,,,,,,,,ガラスに彩色,,,,,外枠,フィリップ・フランツ・フォン・シーボルト,Philipp Franz von Siebold,,,,S179a,2 ガラス絵,2 Bilder auf Glas ,佐々木守俊,2012/5,勝田徹:佐々木守俊,,,,,80,ss-1,179,a
586,五大陸博物館,"Museum Fünf Kontinente",S179b,MFK-S179b,Ⅸ,13,美人図（ガラス絵）,,,絵画,,,19,,,日本,1,19.3,9.9,,,,,,,,ガラスに彩色,,,,,外枠,フィリップ・フランツ・フォン・シーボルト,Philipp Franz von Siebold,,,,S179b,2 ガラス絵,2 Bilder auf Glas ,佐々木守俊,2012/5,勝田徹:佐々木守俊,,,,,81,ss-1,179,ｂ
587,五大陸博物館,"Museum Fünf Kontinente",S1200,MFK-S1200,木の箪笥,7,版本仏説阿弥陀経,,,書籍,,,不明,,,日本,1,27.0 ,7.7,,,,,,,,紙本,木版墨摺,,,,,フィリップ・フランツ・フォン・シーボルト,Philipp Franz von Siebold,,,,S1200,"105.  仏説阿弥陀経、 仏教の経.","105.  Butssets amida kojo  buddhistisches Gebetbuch.",佐々木守俊,2012/5,佐々木守俊,,,法量は表紙,,82,ss-1,1200,
588,五大陸博物館,"Museum Fünf Kontinente",S1186,MFK-S1186,木の箪笥,7,龍田帖,,,書籍,,,,1840,天保11年,日本,1,37.0 ,8.2,,,,,,,,紙本,木版墨摺,,,,袋,フィリップ・フランツ・フォン・シーボルト,Philipp Franz von Siebold,,,,S1186,"91.  竜田帖、 抒情詩、歌、5枚","91.  Tatst a zjô Lyrische Gedichte /  Uda  / 5 Tafeln",佐々木守俊,2012/5,佐々木守俊,,,法量は表紙,,83,ss-1,1186,
589,五大陸博物館,"Museum Fünf Kontinente",S105,MFK-S105_ss,Ⅵ,8,関羽坐像,,,彫刻,,,18-19,,,日本または中国,1,,17.7,20.3,,,,,,,木造、素地,一木造,,,,,フィリップ・フランツ・フォン・シーボルト,Philipp Franz von Siebold,,,,S105,2 中国の像、一方は竹、,2 chinesische Figuren  eine aus,佐々木守俊:澤田和人,2012/5:2010/10,勝田徹:佐々木守俊,,,,,84,ss-1,105,
590,五大陸博物館,"Museum Fünf Kontinente",S106,MFK-S106_ss,Ⅵ,8,寿老人及び童子立像,,,彫刻,,,18-19,,,日本または中国,1,,11.4,34.5,41.7,,,,,,木造、素地,一木造,,,,台座,フィリップ・フランツ・フォン・シーボルト,Philipp Franz von Siebold,,,,S106,他方は樅《もみ》製,Bambu  die andere aus Tannenholz,佐々木守俊:澤田和人,2012/5:2010/10,勝田徹:佐々木守俊,,,総高は別材製の杖を含む,,85,ss-1,106,
591,五大陸博物館,"Museum Fünf Kontinente",S104,MFK-S104,Ⅵ,8,童子坐像,,,彫刻,,,18-19,,,日本または中国,1,14.1,22.4,31.3,34.4,,,,,,木造、素地、目にガラス様の異材を嵌入,一木造,,,,,フィリップ・フランツ・フォン・シーボルト,Philipp Franz von Siebold,,,,S104,1  瓢形徳利を持つ童子,1  Knabe  einen Weinkürbiß tragend,佐々木守俊,2012/5,佐々木守俊,,,総高は別材製の瓢箪を含む,,86,ss-1,104,
592,五大陸博物館,"Museum Fünf Kontinente",S775f,MFK-S775f_ss,Ⅵ,9,亀,,,彫刻,,,18-19,,,日本,1,,5.9,2.1,,,,,,,木造、古色,,,,,,フィリップ・フランツ・フォン・シーボルト,Philipp Franz von Siebold,,,,S775f,10 日本の文机のための小型の像、ケース7 と8の上の棚,10 kleine Figuren für japan. Schreibtische / Etagères über Schrank 7 & 8  /,佐々木守俊:澤田和人,2012/5:2010/10,佐々木守俊,,,,,87,ss-1,775,f
594,五大陸博物館,"Museum Fünf Kontinente",S990,MFK-S990_ss,Ⅵ,10,岩,,,金工品,,,18-19,,,日本,1,13,24.2,15.5,,,,,,,銅製,岩と波は別鋳,,,,台座,フィリップ・フランツ・フォン・シーボルト,Philipp Franz von Siebold,,,,S990,1 木製の台座に載った石群,1 Steingruppe auf hoelzernem Piedestal ,佐々木守俊:澤田和人,2012/5:2010/10,勝田徹:佐々木守俊,,,,,89,ss-1,990,
595,五大陸博物館,"Museum Fünf Kontinente",S760,MFK-S760_ss,Ⅵ,10,大黒天立像,,,彫刻,,,18-19,,,日本,1,12.2,13,20.7,,,,,,,陶製、彩色,,,,,,フィリップ・フランツ・フォン・シーボルト,Philipp Franz von Siebold,,,,S760,1 二つの米袋に載った福の神、多彩色で描かれている,1 Gott des Reichthums auf 2 Reissaecken  bunt bemalt,佐々木守俊:澤田和人,2012/5:2010/10,勝田徹:佐々木守俊,,,,,90,ss-1,760,
596,五大陸博物館,"Museum Fünf Kontinente",S182,MFK-S182_ss,Ⅵ,25,牛,,,彫刻,,,18-19,,,日本か,1,12.9,24.5,16.8,,,,,,,石製,,,,,,フィリップ・フランツ・フォン・シーボルト,Philipp Franz von Siebold,,,,S182,1 白い水牛,1 weißer Büffel ,佐々木守俊:澤田和人,2012/5:2010/10,勝田徹:佐々木守俊,,,,,91,ss-1,182,
597,五大陸博物館,"Museum Fünf Kontinente",S605,MFK-S605,Ⅴ,5,阿弥陀如来坐像,,,彫刻,,,17,,,日本,1 ,26.8,32.6,39,79.5,,,,,,木造、肉身部金泥塗り、着衣部漆箔、頭髪部群青彩、玉眼・肉髻珠・白毫珠嵌入,寄木造または一木割矧造,,,,台座、光背,フィリップ・フランツ・フォン・シーボルト,Philipp Franz von Siebold,,,,S605,1偶像である阿弥陀の坐像の中尊,1 sitzende Mittelfigur des Abgottes Amida ,佐々木守俊,2012/5,勝田徹:佐々木守俊,,,,,92,ss-1,605,
598,五大陸博物館,"Museum Fünf Kontinente",S606,MFK-S606,Ⅴ,5,阿弥陀如来坐像,,,彫刻,,,17,,,日本,1 ,18,21,24.7,66.8,,,,,,木造、肉身部金泥塗り、着衣部漆箔、頭髪部群青彩、玉眼・肉髻珠・白毫珠嵌入,寄木造または一木割矧造,,,,台座、光背,フィリップ・フランツ・フォン・シーボルト,Philipp Franz von Siebold,,,,S606,2 像、その左右には偶像が坐っている、これと同じ図像で形式が異なるものが阿弥陀 Niscai や上品阿弥陀と呼ばれている,2 Figuren  rechts und links davon sitzende Goetzen  Bilder desselben in einer anderen Form  Amida Niscai und Zjobon Amida genannt. ,佐々木守俊,2012/5,勝田徹:佐々木守俊,,,,,93,ss-1,606,
599,五大陸博物館,"Museum Fünf Kontinente",S1945,MFK-S1945,Ⅴ,11,観音菩薩坐像,,,彫刻,,,17-18,,,日本または中国,1,14.4,15.9,27.3,,,,,,,木造、漆箔、白毫珠嵌入,一木造,,,,,フィリップ・フランツ・フォン・シーボルト,Philipp Franz von Siebold,,,,S1945,,,佐々木守俊,2012/5,勝田徹:佐々木守俊,,,,,94,ss-1,1945,
600,五大陸博物館,"Museum Fünf Kontinente",S594,MFK-S594,Ⅴ,12,阿弥陀如来坐像,,,彫刻,,,16-17,,,日本,1,12.6,23.4,75,135.5,,,,,,木造、肉身部金泥塗り、着衣部漆箔・切金文様、頭髪部群青彩、玉眼・肉髻珠・白毫珠嵌入,寄木造,,,,台座,フィリップ・フランツ・フォン・シーボルト,Philipp Franz von Siebold,,,,S594,1 大型で金塗りの阿弥陀仏の中尊,1 große vergoldete Mittelfigur des Gottes Amida ,佐々木守俊,2012/5,勝田徹:佐々木守俊,S595_1・2と三尊構成,,,,95,ss-1,594,
601,五大陸博物館,"Museum Fünf Kontinente",S595,MFK-S595_1,Ⅴ,12,観音菩薩立像・勢至菩薩立像→菩薩像（観音）,,,彫刻,,,16-17,,,日本,1,12.2,18.1,50.9,87.1,,,,,,木造、肉身部金泥塗り、着衣部漆箔・切金文様、頭髪部群青彩、玉眼・白毫珠嵌入,寄木造,,,,台座、光背,フィリップ・フランツ・フォン・シーボルト,Philipp Franz von Siebold,,,,S595,2 両脇の脇侍[S. 34]で蓮の花の上に立つKwaseo《観世音ヵ》菩薩と大勢至菩薩。これらの2 [「zweiふたつ」に訂正]つの脇侍は死者 の魂を 煉獄から救い天国に導く。,"2 Hülfsgoetter an beiden Seiten [S. 34] auf Lotosblumen stehen[d] Kwaseo Bosatz u. Daisesibosatz. Diese 2 [verbessert zu „zwei“]Hilfsgoetter erlösen die Seelen der Verstorbenen  aus dem Fegfeuer und führen sie in den Himmel ein.",佐々木守俊,2012/5,勝田徹:佐々木守俊,,,,,96,ss-1,595,1
602,五大陸博物館,"Museum Fünf Kontinente",S595,MFK-S595_2,Ⅴ,12,観音菩薩立像・勢至菩薩立像→菩薩像（勢至）,,,彫刻,,,18-19,,,日本,1,11.7,19.1,53.7,90,,,,,,木造、肉身部金泥塗り、着衣部漆箔・切金文様、頭髪部群青彩、玉眼・白毫珠嵌入,寄木造,,,,台座、光背,フィリップ・フランツ・フォン・シーボルト,Philipp Franz von Siebold,,,,S595,2 両脇の脇侍[S. 34]で蓮の花の上に立つKwaseo《観世音ヵ》菩薩と大勢至菩薩。これらの2 [「zweiふたつ」に訂正]つの脇侍は死者 の魂を 煉獄から救い天国に導く。,"2 Hülfsgoetter an beiden Seiten [S. 34] auf Lotosblumen stehen[d] Kwaseo Bosatz u. Daisesibosatz. Diese 2 [verbessert zu „zwei“]Hilfsgoetter erlösen die Seelen der Verstorbenen  aus dem Fegfeuer und führen sie in den Himmel ein.",佐々木守俊,2012/5,勝田徹:佐々木守俊,,,,,96,ss-1,595,2
603,五大陸博物館,"Museum Fünf Kontinente",S2229,MFK-S2229,Ⅴ,4,准胝観音菩薩坐像,,,彫刻,,,18-19,,,日本,1,13.8,15,20.4,46.7,,,,,,木造、肉身部金泥塗り、着衣部漆箔、頭髪部群青彩、玉眼・白毫珠嵌入,一木造,,,,台座、光背,フィリップ・フランツ・フォン・シーボルト,Philipp Franz von Siebold,,,,S2229,,,佐々木守俊,2012/5,勝田徹:佐々木守俊,,,,,97,ss-1,2229,
604,五大陸博物館,"Museum Fünf Kontinente",S1700,MFK-S1700,Ⅴ,4,阿弥陀如来坐像,,,彫刻,,,17-18,,,日本,1,14.6,17.2,21.1,62,,,,,,木造、肉身部金泥塗り、着衣部彩色、頭髪部墨塗り、玉眼・肉髻珠・白毫珠嵌入,不明,,,,台座、光背,フィリップ・フランツ・フォン・シーボルト,Philipp Franz von Siebold,,,,S1700,,,佐々木守俊,2014/7,勝田徹:佐々木守俊,,,,,98,ss-2,1700,
605,五大陸博物館,"Museum Fünf Kontinente",S1837a,MFK-S1837a_ss,木の箪笥,3,綾切,,,絵画,,,19,,,日本,1,22.2,19,,,,,,,,紙本,木版多色摺,,,,封筒（a～eをすべて納める）,フィリップ・フランツ・フォン・シーボルト,Philipp Franz von Siebold,,,,S1837a,,,佐々木守俊:原田博二,2014/7:2014/3,勝田徹:佐々木守俊,,,,,99,ss-2,1837,a
606,五大陸博物館,"Museum Fünf Kontinente",S1837b,MFK-S1837b_ss,木の箪笥,3,納曽利,,,絵画,,,19,,,日本,1,22.2,19.1,,,,,,,,紙本,木版多色摺,,,,,フィリップ・フランツ・フォン・シーボルト,Philipp Franz von Siebold,,,,S1837b,,,佐々木守俊:原田博二,2014/7:2014/3,勝田徹:佐々木守俊,,,,,100,ss-2,1837,b
607,五大陸博物館,"Museum Fünf Kontinente",S1837c,MFK-S1837c_ss,木の箪笥,3,桃李花,,,絵画,,,19,,,日本,1,21.4,18.5,,,,,,,,紙本,木版多色摺,,,,,フィリップ・フランツ・フォン・シーボルト,Philipp Franz von Siebold,,,,S1837c,,,佐々木守俊:原田博二,2014/7:2014/3,勝田徹:佐々木守俊,,,,,101,ss-2,1837,c
608,五大陸博物館,"Museum Fünf Kontinente",S1837d,MFK-S1837d_ss,木の箪笥,3,婆登宇,,,絵画,,,19,,,日本,1,22.2,19.1,,,,,,,,紙本,木版多色摺,,,,,フィリップ・フランツ・フォン・シーボルト,Philipp Franz von Siebold,,,,S1837d,,,佐々木守俊:原田博二,2014/7:2014/3,勝田徹:佐々木守俊,,,,,102,ss-2,1837,d
609,五大陸博物館,"Museum Fünf Kontinente",S1837e,MFK-S1837e_ss,木の箪笥,3,貴徳,,,絵画,,,19,,,日本,1,21.4,18.4,,,,,,,,紙本,木版多色摺,,,,,フィリップ・フランツ・フォン・シーボルト,Philipp Franz von Siebold,,,,S1837e,,,佐々木守俊:原田博二,2014/7:2014/3,勝田徹:佐々木守俊,,,,,103,ss-2,1837,e
610,五大陸博物館,"Museum Fünf Kontinente",S1245,MFK-S1245_ss,木の箪笥,1,画撰,,,絵画,歌川広重,,19,,,日本,1 ,24.6、36.4,18.2、36.4,,,,,,,画帖,紙本,木版多色摺,,,,封筒,フィリップ・フランツ・フォン・シーボルト,Philipp Franz von Siebold,,,,S1245,"149. Ka sen 最も優れた食用魚の図","149. Ka sen Abbildung von den vorzüglichsten eßbaren Fischen ",佐々木守俊:原田博二,2014/7:2013/9,勝田徹:佐々木守俊,,,表紙24.6×18.2、見開き24.6×36.4。表題および全20図を折本に装丁,,104,ss-2,1245,
611,五大陸博物館,"Museum Fünf Kontinente",S1251a,MFK-S1251a_ss,木の箪笥,1,倭名所一覧初篇上,,,絵画,,,19,,,日本,1 ,22.1,15.8,,,,,,,冊子,紙本,木版多色摺,,,,封筒（a・ｂを納める）,フィリップ・フランツ・フォン・シーボルト,Philipp Franz von Siebold,,,,S1251a,"155.  大和名所itsi 大和の風景の光景より","155.  Jamato Mei sjo itsi van Ansichten von der Landschaft Jamato.",佐々木守俊:原田博二,2014/7:2013/9,佐々木守俊,,,10丁,,105,ss-2,1251,a
612,五大陸博物館,"Museum Fünf Kontinente",S1251b,MFK-S1251b_ss,木の箪笥,1,やまと名所一覧初篇下,,,絵画,,,19,,,日本,1 ,22.1,15.8,,,,,,,冊子,紙本,木版多色摺,,,,,フィリップ・フランツ・フォン・シーボルト,Philipp Franz von Siebold,,,,S1251b,"155.  大和名所itsi 大和の風景の光景より","155.  Jamato Mei sjo itsi van Ansichten von der Landschaft Jamato.",佐々木守俊:原田博二,2014/7:2013/9,佐々木守俊,,,10丁,,106,ss-2,1251,b
613,五大陸博物館,"Museum Fünf Kontinente",S1254,MFK-S1254_ss,木の箪笥,1,東海道五十三次錦絵,,,絵画,歌川広重,,19,,,日本,1 ,18.0 ,25.4、25.2～25.3,,,,,,,画帖,紙本,木版多色摺,,,,封筒,フィリップ・フランツ・フォン・シーボルト,Philipp Franz von Siebold,,,,S1254,"158.  東海道錦絵 軍隊の街道である東海道の彩色絵画","158.  Tookai dô nisiki je Farbenbilder der Heeresstrasse Tokaido.",佐々木守俊:原田博二,2014/7:2013/9,勝田徹:佐々木守俊,,,表紙18.0×25.4、各図18.0×25.2～25.3。全54図を折本に装丁,,107,ss-2,1254,
615,五大陸博物館,"Museum Fünf Kontinente",S1147a,MFK-S1147a,木の箪笥,3,日本名山図会　天,,,絵画,谷文晁,,,1804,文化元年,日本,1,25.9,18.9,,,,,,,冊子,紙本,木版墨摺,,,,,フィリップ・フランツ・フォン・シーボルト,Philipp Franz von Siebold,,,,S1147a,52.  日本名山絵図、自然最も珍しい日本の山地の自然の光景 、三巻,52.  Nippon Meizun Jedsu  Naturansichten der merkwürdigsten Gebirge und Berge auf Japan[ ] 3 Vol.,佐々木守俊,2014/7,勝田徹:佐々木守俊,,,32丁,,109,ss-2,1147,a
616,五大陸博物館,"Museum Fünf Kontinente",S1147b,MFK-S1147b,木の箪笥,3,日本名山図会　地,,,絵画,谷文晁,,,1804,文化元年,日本,1,25.9,18.9,,,,,,,冊子,紙本,木版墨摺,,,,,フィリップ・フランツ・フォン・シーボルト,Philipp Franz von Siebold,,,,S1147b,52.  日本名山絵図、自然最も珍しい日本の山地の自然の光景 、三巻,52.  Nippon Meizun Jedsu  Naturansichten der merkwürdigsten Gebirge und Berge auf Japan[ ] 3 Vol.,佐々木守俊,2014/7,勝田徹:佐々木守俊,,,31丁,,110,ss-2,1147,b
617,五大陸博物館,"Museum Fünf Kontinente",S1147c,MFK-S1147c,木の箪笥,3,日本名山図会　人,,,絵画,谷文晁,,,1804,文化元年,日本,1,25.9,18.9,,,,,,,冊子,紙本,木版墨摺,,,,,フィリップ・フランツ・フォン・シーボルト,Philipp Franz von Siebold,,,,S1147c,52.  日本名山絵図、自然最も珍しい日本の山地の自然の光景 、三巻,52.  Nippon Meizun Jedsu  Naturansichten der merkwürdigsten Gebirge und Berge auf Japan[ ] 3 Vol.,佐々木守俊,2014/7,勝田徹:佐々木守俊,,,38丁,,111,ss-2,1147,c
618,五大陸博物館,"Museum Fünf Kontinente",S838,MFK-S838,Ⅵ,20,亀,,,彫刻,,,18-19,,,日本,1 ,41.5,27.9,15,49.7,,,,,,木造、彩色、甲および腹部金属製、甲上の筒竹製、内筒金属製,,,,,筮竹43本,フィリップ・フランツ・フォン・シーボルト,Philipp Franz von Siebold,,,,S838,1小竹から成り小さな木を意味する付属物を伴う亀の上に載った占いの道具,1 Wahrsagungsgeraeth auf einer Schildkröte mit Zubehoer  bestehend aus kleinen Bambusstöcken u. bezeichneten Hoelzchen.,佐々木守俊,2014/7,勝田徹:佐々木守俊,,,口先～尾41.5、後脚先開27.9、右耳～地付15.0、総高（筒含む）49.7,,112,ss-2,838,
619,五大陸博物館,"Museum Fünf Kontinente",S1783a,MFK-S1783a_ss,木の箪笥,1,名所図,,,絵画,,,19,,,日本,1 ,9.2、6.1,10.5、7.6,,,,,,,画帖,絹本着色,,,,,,フィリップ・フランツ・フォン・シーボルト,Philipp Franz von Siebold,,,,S1783a,,,佐々木守俊:原田博二,2014/7:2013/9,勝田徹:佐々木守俊,,,表紙9.2×10.5、画面6.1×7.6。全16図を折本に装丁,,113,ss-2,1783,a
620,五大陸博物館,"Museum Fünf Kontinente",S1783b,MFK-S1783b_ss,木の箪笥,1,名所図,,,絵画,,,19,,,日本,1 ,9.2、6.1,10.5、7.6,,,,,,,画帖,絹本着色,,,,,,フィリップ・フランツ・フォン・シーボルト,Philipp Franz von Siebold,,,,S1783b,,,佐々木守俊:原田博二,2014/7:2013/9,勝田徹:佐々木守俊,,,表紙9.2×10.5、画面6.1×7.6。全16図を折本に装丁,,114,ss-2,1783,b
621,五大陸博物館,"Museum Fünf Kontinente",S977,MFK-S977_ss,Ⅵ,20,蛇体弁才天像（厨子入）,,,彫刻,,,18-19,,,日本,1,6.8,6.8,9.9,21.8,,,,,,木造、彩色,,,,,厨子,フィリップ・フランツ・フォン・シーボルト,Philipp Franz von Siebold,,,,S977,1 女神である弁財天の像、 上記と同じもの が白蛇として描かれている,1 Figur der Goettin Bensaiden[ ] dieselbe   die oben als weiße Schlange abgebildet ist,佐々木守俊:澤田和人,2014/7:2014/3,勝田徹:佐々木守俊,,,厨子高21.8,,115,ss-2,977,
622,五大陸博物館,"Museum Fünf Kontinente",S953a,MFK-S953a_ss,Ⅵ,22,大黒天立像（厨子入）,,,彫刻,,,18-19,,,日本,1,3.1,4.1,6.9,21.3,,,,,,木造、素地,,,,,厨子,フィリップ・フランツ・フォン・シーボルト,Philipp Franz von Siebold,,,,S953a,2富の神である大黒を納める小型で木製の偶像の箱,2 kleine hoelzerne Goetzenkästen; in einem derselben der Gott des Reichtums Daiko.,佐々木守俊:澤田和人,2014/7:2010/10,勝田徹:佐々木守俊,,,厨子高21.3,,116,ss-2,953,a
623,五大陸博物館,"Museum Fünf Kontinente",S953b,MFK-S953b_ss,Ⅵ,22,恵比寿坐像（厨子入）,,,彫刻,,,18-19,,,日本,1,2.9,4.2,7.1,21.2,,,,,,木造、素地,,,,,厨子,フィリップ・フランツ・フォン・シーボルト,Philipp Franz von Siebold,,,,S953b,2富の神である大黒を納める小型で木製の偶像の箱,2 kleine hoelzerne Goetzenkästen; in einem derselben der Gott des Reichtums Daiko.,佐々木守俊:澤田和人,2014/7:2010/10,勝田徹:佐々木守俊,,,厨子高21.2,,117,ss-2,953,b
624,五大陸博物館,"Museum Fünf Kontinente",S1018,MFK-S1018_ss,Ⅶ,28,菩薩坐像,,,彫刻,,,18-19,,,日本または中国,1,9.1,10.1,14,,,,,,,銅造、煮色仕上げ,,,,,,フィリップ・フランツ・フォン・シーボルト,Philipp Franz von Siebold,,,,S1018,1 小型の中尊像、阿弥陀如来の仏陀の前に置かれる坐像形式の像；これは恐らく裕福な日本人の個人的な寺のものだろう,1 kleine Mittelfigur  stellt vor den Buddha „Amida nio rei“ nin sitzender Position; wahrscheinlich gehoert dieses Stück zu den Haustempel eines reichen Japanesers.,佐々木守俊:澤田和人,2014/7:2014/3,勝田徹:佐々木守俊,,,,,118,ss-2,1018,
625,五大陸博物館,"Museum Fünf Kontinente",S303i or 9,MFK-S303i or 9,ⅩⅠ,22,てうにん,,,絵画,,,19,,,日本,1 ,93.9,27.4,,,,,,,掛幅,紙本着色,,,,,,フィリップ・フランツ・フォン・シーボルト,Philipp Franz von Siebold,,,,S303i or 9,193 – 198 女性の衣裳  [ブッフナー；朱墨で 「12 点」],193 – 198 Frauentrachten   [B; rote Tinte  „12 Stück“],佐々木守俊,2014/7,勝田徹:佐々木守俊,,,,,119,ss-2,303,i
626,五大陸博物館,"Museum Fünf Kontinente",S303l or 8,MFK-S303l or 8,ⅩⅠ,22,ふなのり,,,絵画,,,19,,,日本,1 ,97.6,26.5,,,,,,,掛幅,紙本着色,,,,,,フィリップ・フランツ・フォン・シーボルト,Philipp Franz von Siebold,,,,S303l or 8,193 – 198 女性の衣裳  [ブッフナー；朱墨で 「12 点」],193 – 198 Frauentrachten   [B; rote Tinte  „12 Stück“],佐々木守俊,2014/7,勝田徹:佐々木守俊,,,,,120,ss-2,303,l
628,五大陸博物館,"Museum Fünf Kontinente",S1773,MFK-S1773,ⅩⅠ,22,おいらん,,,絵画,,,19,,,日本,1 ,124.5 ,52.8 ,,,,,,,掛幅,紙本着色,,,,,,フィリップ・フランツ・フォン・シーボルト,Philipp Franz von Siebold,,,,S1773,,,佐々木守俊,2014/7,勝田徹:佐々木守俊,,,,,122,ss-2,1773,
629,五大陸博物館,"Museum Fünf Kontinente",S810,MFK-S810_ss,漆Ⅰ,Tür1 Fach2,僧形坐像,,,彫刻,,,17-18,,,日本,1,20.9,33.2,24,36.8、43.5,,,,,,木造、彩色、玉眼嵌入,寄木造か,,,,帽子、台座,フィリップ・フランツ・フォン・シーボルト,Philipp Franz von Siebold,,,,S810,1 正装の僧服をまとう高僧の像,1 Figur eines Oberpriesters in vollem Ornat,佐々木守俊:日高薫,2014/7:2008/9,勝田徹:佐々木守俊,,,総高（帽子なし）36.8、（帽子あり）43.5,,123,ss-2,810,
630,五大陸博物館,"Museum Fünf Kontinente",S935,MFK-S935,漆Ⅳ,Tür2 Fach3,阿弥陀三尊坐像（厨子入）,,,彫刻,,,18-19,,,日本,3,,15.3、12.2、10.0,23.1、19.0、18.3,59.0、35.4、38.1、72.2,,,,,,木造、漆箔、肉髻珠・白毫珠嵌入,不明,,,,台座、光背、厨子,フィリップ・フランツ・フォン・シーボルト,Philipp Franz von Siebold,,,,S935,1 Kaiko Amida《来迎阿弥陀》 神が納められた大型の偶像の箱、,1 großer Goetzenkasten  enthaltend den Gott Kaikoamida  ,佐々木守俊,2014/7,勝田徹:佐々木守俊,,,法量は阿弥陀・観音・勢至の順。厨子高72.2,,124,ss-2,935,
634,五大陸博物館,"Museum Fünf Kontinente",S711a,MFK-S711a,Ⅷ,9,板,,,木工品,,,18-19,,,中国,1,91.3,31.0 ,,,,,,,,木製,暗褐色の広葉樹材に図容をツゲとみられる材で象嵌、文字を象牙で象嵌,,,,,フィリップ・フランツ・フォン・シーボルト,Philipp Franz von Siebold,,,,S711a,2 宗教画が表された木版画の表,2 in Holz geschnitzte Tabellen  religioese Scenen darstellend.,佐々木守俊,2014/7,勝田徹:佐々木守俊,,,画面：86.1×25.7cm,,128,ss-2,711,a
635,五大陸博物館,"Museum Fünf Kontinente",S711b,MFK-S711b,Ⅷ,9,板,,,木工品,,,18-19,,,中国,1,91.4,30.4 ,,,,,,,,木製,暗褐色の広葉樹材に図容をツゲとみられる材で象嵌、文字を象牙で象嵌,,,,,フィリップ・フランツ・フォン・シーボルト,Philipp Franz von Siebold,,,,S711b,2 宗教画が表された木版画の表,2 in Holz geschnitzte Tabellen  religioese Scenen darstellend.,佐々木守俊,2014/7,勝田徹:佐々木守俊,,,画面：86.0×25.4cm,,129,ss-2,711,b
636,五大陸博物館,"Museum Fünf Kontinente",S828a,MFK-S828a,Ⅷ,8,板,,,木工品,,,18-19,,,中国,1 ,91.4,30.8,,,,,,,,木製,暗褐色の広葉樹材に図容をツゲとみられる材で象嵌、文字を象牙で象嵌,,,,,フィリップ・フランツ・フォン・シーボルト,Philipp Franz von Siebold,,,,S828a,2 宗教画  を表した木版画,2 Holzschnitzereien  religiöse Scenen  vorstellend.,佐々木守俊,2014/7,勝田徹:佐々木守俊,,,画面：86.0×25.7cm,,130,ss-2,828,a
637,五大陸博物館,"Museum Fünf Kontinente",S828b,MFK-S828b,Ⅷ,8,板,,,木工品,,,18-19,,,中国,1 ,91.4,30.6,,,,,,,,木製,暗褐色の広葉樹材に図容をツゲとみられる材で象嵌、文字を象牙で象嵌,,,,,フィリップ・フランツ・フォン・シーボルト,Philipp Franz von Siebold,,,,S828b,2 宗教画  を表した木版画,2 Holzschnitzereien  religiöse Scenen  vorstellend.,佐々木守俊,2014/7,勝田徹:佐々木守俊,,,画面：86.0×25.7cm,,131,ss-2,828,b