2728,五大陸博物館,"Museum Fünf Kontinente",S1009a,MFK-S1009a,Ⅶ,39,騎馬人物像（関羽）・馬,figure of Guan Yu,,金工品,,江戸,１９ｃ,,,日本,1,,20.0 ,,21.0,,,,,香炉：鞍の下が火炉となる、関羽の背に孔があり煙出となる,青銅,青銅の鋳造（蠟型 or 込型）馬本体：蠟型か、障泥雷紋に獅子→蠟型表現のもの,胸ガイ、尻ガイ、毛彫。腰と尻に点線彫で渦文。,関羽の内側朱「ツテヒ」墨書「口」,,,フィリップ・フランツ・フォン・シーボルト,Philipp Franz von Siebold,,,,S1009a,2 小型の緑のブロンズ製品、および神話の創造物の複製。右側には有名な中国の皇帝、Kanvo《関羽ヵ》と馬。この皇帝は紀元前1世紀に生存し国を支配し、戦時においては勇敢さにより、平和な時代には知恵によって際立っていた。これに対をなすのは ロバにまたがる姿に表された中国の哲学者Tobaである。そこで彼はロバを歩ませながらその名高い詩と書を著した,2 kleine grüne Broncen ebenfalls Copieen [W Copien] des mÿthischen Geschoepfes. Auf der rechten Seite ist der berühmte chinesische Kaiser / Kanvo / zu Pferde. Dieser Kaiser der im ersten Jahrhundert vor Christus lebte und regierte zeichnete sich im Kriege durch Tapferkeit und im Frieden durch Weisheit aus. Das Pendant hievon ist der chinesische Philosoph Toba auf einem Esel reitend dargestellt da er seine berühmten Gedichte und Schriften reitend auf seinem Esel verfasst hat.,原田一敏:櫻庭美咲,2014/7:2013/9,勝田徹,,,,馬の高さ 17.0,1,kk1,1009,a
2729,五大陸博物館,"Museum Fünf Kontinente",S1022,MFK-S1022,Ⅶ,39,家形香炉,incense burner,,金工品,,江戸,１９ｃ,,,日本,1,,25.3 ,6.3 ,11.8 ,,,,,屋根が取り外せて香炉の蓋：主屋と脇屋の２か所に２つづつ煙出の孔。本体の左右に柄を出して屋根の孔に差し込んで身と蓋を固定（今は左のみ残る）,青銅,本体部の外壁面は一鋳。床林は別作りを鑞付けする。窓の格子、縁は別鋳したものを鑞付け。左の窓の格子の一部に金鍍金。障子は荒い毛彫。,,無銘。屋根の裏に貼り紙「？？」,,S.1022(JAPAN)Bromzemodell von einem jap. Bauerchous,フィリップ・フランツ・フォン・シーボルト,Philipp Franz von Siebold,,,,S1022,香炉としても用いられる日本の農家のブロンズ模型 。XXIの箱の１段目と2段目の仕切りにはブロンズ製品が納められ、そのほとんどすべては香炉に [ワーグナー 香炉として]用いられる。 そのためそれは寺の祭壇や床すなわち富裕な家の上座に置かれる。日本の香は良い香りのする木の小枝から作られ、その棒を穴の開いた器に入れて点火する。これは大変ゆっくりと燃えるので、時計の歯車がないときは《香の》燃焼《の速さ》により時間が計られた。日本の戦争では哨兵が線香の燃焼《の速さ》によって時間を計ったことがわかる,Bronzemodell von einem japanesischer Bauernhaus das auch als Rauchfaß verwendet wird. Die im I. und II. Fach des Kastens XXI enthaltenen Bronzegegenstaende werden fast alle zu Weihrauchfaessern [W als Weihrauchfaesser] verwendet stehen daher theils in Tempeln auf Altaeren oder auf dem Joko d.i. Ehrenplatz der reicheren Haeuser. Der japanesische Weihrauch besteht aus kleinen Stangen aus wohlriechenden Hoelzern gefertigt und wurden die Staebe in die durchbrochenen Gefaeße gesteckt und angezündet. Da diese sehr langsam brennen so wird nach ihrem Brande in Ermanglung von Uhrwerken die Zeit berechnet. Man hat bemerkt dass im japan. Kriege die Schildwachen nach dem Brennen der Weihrauchstangen ihre Zeit berechnen.,原田一敏:櫻庭美咲,2014/7:2013/9,勝田徹,,,,,2,kk1,1022,
2730,五大陸博物館,"Museum Fünf Kontinente ",S1020b,MFK-S1020b,Ⅶ,39,獅子香炉,incense burner,,金工品,,江戸,１９ｃ,,,日本,1,,13.4 ,9.4 ,14.6 ,,,,,頭と胴は蝶番で接続,青銅,頭部：銅蠟型。尾：蠟型。根本で胴体と鑞付,,,,,フィリップ・フランツ・フォン・シーボルト,Philipp Franz von Siebold,,,,S1020b,5 [S. 64] 香炉として用いられる動物の表現,5 Darstellungen von Thieren die [S. 64] als Rauchfaesser gebraucht werden.,原田一敏:櫻庭美咲,2014/7:2013/9,勝田徹,,,,,3,kk1,1020,b
2731,五大陸博物館,"Museum Fünf Kontinente ",S626,MFK-S626,Ⅶ,39,燭台と灯芯ばさみ,candle stand,,金工品,,江戸,１９ｃ,,,日本,1,,19.5 ,,52.5 ,,,,,,銅,火皿、竿、台脚、芯入れをそれぞれ別造。芯切バサミ：銅鍛造、火皿：鋳造、蝋燭指と柱はカラクリ留、竿：蠟型鋳造,,,,,フィリップ・フランツ・フォン・シーボルト,Philipp Franz von Siebold,,,,S626,2 赤いブロンズ製の行燈,2 Leuchter von rother Bronze,原田一敏:櫻庭美咲,2014/7:2013/9,勝田徹,,,はさみ長さ 10.2,,4,kk1,626,
2732,五大陸博物館,"Museum Fünf Kontinente ",S230,MFK-S230,Ⅶ,39,燭台と灯芯ばさみ（芯入れ）,candle stand,,金工品,,江戸,１９ｃ,,,日本,1,,,3.0 ,,2.7 ,3.7 ,,,,銅,火皿、竿、台脚、芯入れをそれぞれ別造。芯切バサミ：銅鍛造、火皿：鋳造、蝋燭指（挿）と柱はカラクリ留、竿：蠟型鋳造,,,,,フィリップ・フランツ・フォン・シーボルト,Philipp Franz von Siebold,,,,S230,2 非常に小さい金属製の鍋,2 ganz kleine Metalltoepfchen ,原田一敏:櫻庭美咲,2014/7:2013/9,勝田徹,,,,,4,kk1,230,
2733,五大陸博物館,"Museum Fünf Kontinente ",S596a,MFK-S596a,Ⅶ,38,燭台（一対）,candle stand,,金工品,,江戸,１９ｃ,,,日本,1,,16.0 ,35.2 ,42.5 ,,,,,燭台皿は胴本体の頸部に挿入する。脚は三本の獣足。,青銅,燭台皿：裏側に雲文３カ所を方切彫で表す。胴：頸に龍が巻きつく（蠟型）。その下の蕪形まで共造。ここには松樹に鷹を高肉陽鋳。脚とその上の球形受鉢形は共造。受鉢形に波文を陽鋳。獣足別造で球形に留めるが鋲の使用した跡はなし。挿入してカラクリ留か。,龍、鷹、松、波、獅子の一部に鍍金,,,,フィリップ・フランツ・フォン・シーボルト,Philipp Franz von Siebold,,,,S596a,2 ブロンズ製の仏具の行燈,2 bronzene Altarleuchter,原田一敏:櫻庭美咲,2014/7:2013/9,勝田徹,,,,S598とセット,5,kk1,596,a
2734,五大陸博物館,"Museum Fünf Kontinente ",S596b,MFK-S596b,Ⅶ,38,燭台（一対）,candle stand,,金工品,,江戸,１９ｃ,,,日本,1,,16.0 ,35.2 ,42.5 ,,,,,燭台皿は胴本体の頸部に挿入する。脚は三本の獣足。,青銅,燭台皿：裏側に雲文３カ所を方切彫で表す。胴：頸に龍が巻きつく（蠟型）。その下の蕪形まで共造。ここには松樹に鷹を高肉陽鋳。脚とその上の球形受鉢形は共造。受鉢形に波文を陽鋳。獣足別造で球形に留めるが鋲の使用した跡はなし。挿入してカラクリ留か。,龍、鷹、松、波、獅子の一部に鍍金,,,,フィリップ・フランツ・フォン・シーボルト,Philipp Franz von Siebold,,,,S596b,2 ブロンズ製の仏具の行燈,2 bronzene Altarleuchter,原田一敏:櫻庭美咲,2014/7:2013/9,勝田徹,,,,S598とセット,5,kk1,596,b
2735,五大陸博物館,"Museum Fünf Kontinente ",S598,MFK-S598,Ⅶ,38,香炉,incense burner,,金工品,,江戸,１９ｃ,,,日本,1,,18.3 ,20.6 ,24.0 ,,,,,鼎形。身は龍が一周するように巻きつく（一部に鍍金）。獅子（獣足）。底は嵌め底丸形,青銅、一部鍍金,鈕の獅子は蠟型、尾の下に凹状の金具を出して差し込む。底は嵌め底、丸形。,蓋：中程に雲文を透かし方切彫。,底に「易貞」,,,フィリップ・フランツ・フォン・シーボルト,Philipp Franz von Siebold,,,,S598,1 ブロンズ製の香炉,1 Weihrauchgefaeß von Bronze,原田一敏:櫻庭美咲,2014/7:2013/9,勝田徹,,,S596a bとセット,京都の仏具師、伏見屋喜八が易貞を名乗っている処からこの人であろう。,6,kk1,598,
2736,五大陸博物館,"Museum Fünf Kontinente ",S1038,MFK-S1038,Ⅶ,38,花生,vase,,金工品,,江戸,１９ｃ,,,日本,1,,,31.7 ,,17.0 ,32.0 ,,,頸に雲龍文を陽鋳で巡らす,真鍮,鑞目,,底裏に「南約鋳造」,,,フィリップ・フランツ・フォン・シーボルト,Philipp Franz von Siebold,,,,S1038,1 花を生ける明るい彩色のブロンズ、最近の時代のもの,1 Bronze von heller Farbe für Blumen aus neuester Zeit,原田一敏:櫻庭美咲,2014/7:2013/9,勝田徹,,,口径（内 11.0、最大幅 32.0）,,7,kk1,1038,
2737,五大陸博物館,"Museum Fünf Kontinente ",S1019,MFK-S1019,Ⅶ,38,蝦蟇仙人,ornament,,金工品,,江戸,１９ｃ,,,日本,1,,17.0 ,9.0 ,16.2 ,,,,,仙人：右手指を頭頂に置く。左手左胸前。向かって左の衣下に枘を出し、ガマの孔に差し込む。,青銅、蝋型鋳造、一部鍍金,仙人：手、顔、衣の一部に鍍金。ガマ：目、爪、口に鍍金。,,,,S1019 Bronxetierfig Grosser Frosch mit Figur drauf sitzend,フィリップ・フランツ・フォン・シーボルト,Philipp Franz von Siebold,,,,S1019,1 ひきがえるの上に座る像、再び隠遁者を表し、蝦蟇仙人と呼ばれる。この隠遁者については無数の空想がある。彼は原生林の果てに隠遁し、野生の動物を飼い慣らし自分の用事をさせていたという,"1 Figur auf einer Kröte sitzend stellt wieder einen Einsiedler dar genannt Kamasenin. Von diesem Einsiedler existiren unzaehlige Fabeln. Er soll sich in die Tiefe der Urwaelder zurückgezogen haben um wilde Thire zu zaehmen und diese für seinen Zweck gebrauchen. ",原田一敏:櫻庭美咲,2014/7:2013/9,勝田徹:櫻庭美咲,,,,,8,kk1,1019,
2738,五大陸博物館,"Museum Fünf Kontinente ",S1012b,MFK-S1012b,Ⅶ,38,鷺香炉,incense burner,,金工品,,江戸,１９ｃ,,,日本,1,, 21.0,31.5 ,,,,,,鷺が蓮の葉裏にとまる。右脚左脚を蓮葉に載せ、背が分離して蓋となる。羽数か所先が本体から浮いている（蠟型→このところが４ヵ所煙出し）。口は埋まっているので煙出しは羽のところ。,銅（青銅）,,,,,S1012b Räucher gefäsce Reiher_Bronze,フィリップ・フランツ・フォン・シーボルト,Philipp Franz von Siebold,,,,S1012b,2 背景は鷺1羽と雄鶏1羽の２羽の鳥が表されている。ただしそれらには象徴的な意味 がある,2 Voegel im Hintergrunde stellen 1 Reiher und 1 Hahn dar sind aber sÿmbolische Bedeutungen. ,原田一敏:櫻庭美咲,2014/7:2013/9,勝田徹:櫻庭美咲,,,,口ばしの根元にひび入る。,9,kk1,1012,b
2739,五大陸博物館,"Museum Fünf Kontinente ",S1689,MFK-S1689,Ⅶ,38,鷲香炉,incense burner,,金工品,,江戸,１９ｃ,,,日本,1,,18.5 ,19.6 ,20.2 ,,,,,岩上の鷲。鷲の背の６枚分の羽根が蓋となる。羽根をめくりあげて鈕とする。,青銅,岩と足まで一鋳。鷲の脚を差し込んでカラクリ留め。鷲の羽毛は毛彫→精密さに欠く。,,無銘,,,フィリップ・フランツ・フォン・シーボルト,Philipp Franz von Siebold,,,,S1689,,,原田一敏:櫻庭美咲,2014/7:2013/9,勝田徹:櫻庭美咲,,,,,10,kk1,1689,
2740,五大陸博物館,"Museum Fünf Kontinente ",S1020a,MFK-S1020a,Ⅶ,38,麒麟香炉,incense burner,,金工品,,江戸,１９ｃ,,,日本,1,,12.0 ,13.0 ,,,,,,楕円形の雲文形枠に麒麟が乗る。尾の先と尾の元を蝶番の仕組みで接続。尾の先は背に接して蓋となる。,銅、青銅,蓋と毛の元は蝶番によって接合。,麒麟の毛は格子状の毛彫。,なし,,,フィリップ・フランツ・フォン・シーボルト,Philipp Franz von Siebold,,,,S1020a,5 [S. 64] 香炉として用いられる動物の表現,5 Darstellungen von Thieren die [S. 64] als Rauchfaesser gebraucht werden.,原田一敏:櫻庭美咲,2014/7:2013/9,勝田徹,,,,,11,kk1,1020,a
2741,五大陸博物館,"Museum Fünf Kontinente ",S1690,MFK-S1690,Ⅶ,38,岩の上の人物香炉,incense burner,,金工品,,江戸,１９ｃ,,,日本,1,,25.0 ,22.0 ,,,,,,岩上の人物は巻子を両手で持す。頭髪があるので仙人あるいは老子などの儒者か。人物の背に猪目形の孔があるので香炉であろう。炉が浅い。,青銅,岩：蠟型鋳造。内側の仕上げが荒いが表は岩の感じがよく出来ている。炉となる所は銅板の鍛造によって鋲で留めている。,,,,S1690(Japan) Leseder Greis auf Felsen sitzend zettel Bronze,フィリップ・フランツ・フォン・シーボルト,Philipp Franz von Siebold,,,,S1690,,,原田一敏:櫻庭美咲,2014/7:2013/9,勝田徹:櫻庭美咲,,,,,12,kk1,1690,
2742,五大陸博物館,"Museum Fünf Kontinente ",S607a,MFK-S607a,Ⅶ,38,燭台,candle stand,,金工品,,江戸,１９ｃ,,,日本,1,,7.4 ,26.0 ,,,,7.4 ,,長頸壺の下に脚を取り付けた形。頸に龍が巻きつく。左右に獣耳。台脚は３本のタテガミの大きい獅子噛から長く舌を出して脚とする。脚は円座の上に固定。,青銅,蠟型鋳造。,壺状の肩に如意文を廻らす。下に波文。,なし,,,フィリップ・フランツ・フォン・シーボルト,Philipp Franz von Siebold,,,,S607a,2 ブロンズ製の祭壇用行燈,2 bronzene Altarleuchter,原田一敏:櫻庭美咲,2014/7:2013/9,勝田徹:櫻庭美咲,,,,タグに「b abgegeben」とカッコ書きあり,13,kk1,607,a
2743,五大陸博物館,"Museum Fünf Kontinente ",S1017,MFK-S1017,Ⅶ,38,猩々燈台,candle stand,,金工品,,江戸,１９ｃ,,,日本,1,,23.0 ,19.3 ,22.5 ,,,23×16.5,,人物：とりはずせる。髪は長い。岩：波上まで立体的に表現する。人物は波より赤味を帯びた銅（重いので無垢か？）。右脚下に太い枘。これを岩の孔に挿入する。左脚を挙げ左手で皿を盃の高台まで持ち上げる。岩上の向かって右側に酒壺（下に枘、孔をあけ差し込んで鋲を通して固定）。皿上の上に大きな盃を差し込む。盃中央に円筒を入れ、ここに油を入れたか。,青銅,頭髪があるので仙人あるいは老子などの儒者か。人物の背に猪目形の孔があるので香炉であろう。炉が浅い。炉となる所は銅板の鍛造によって鋲で留めている。,盃と壺、少年、岩、水辺,なし,,タグS.1017(Japan) Bronze gruppe,フィリップ・フランツ・フォン・シーボルト,Philipp Franz von Siebold,,,,S1017,1 酒の精 [ワーグナー 偶像] 。彼は手に空の盃を持ち彼の脇には大きな酒瓶が転がっている。彼は岩山や海の波の上にumschäumen 《泡を吹きながらヵ》坐っている。小人は海の底に住んでいるという。―彼の顔の赤みは彼が酒の崇拝者であることを証明する[不特定人物;ほのめかす]。Budaks《仏陀ヵ》の弟子および師である羅漢は仏陀の死後彼の教えを広めた。それらは500人以上いたとされ、江戸の有名な寺では彼らの立像が保管されている。その仏教の教えの知恵は奇跡によって証明されたという,"1 Kobold [W Der Götze] des Weins. Er haelt in seiner Hand eine offene Weinschaale und ein großes Weinfaß liegt ihm zur Seite. Er sitzt auf einem Felsen und die Wellen des Meeres umschäumen seinen Sitz. Der Gnome soll am Grund des Meeres wohnen. – Die Roethe seines Gesichts beweist [U; Bleistift deutet an] dass er ein Verehrer des Weines ist. Rechts ist ein Rakan das sind die Schüler und Lehrer Budaks die nach seinem Tode seine Lehren verbreiteten. Es sollen deren über 500 gewesen sein deren Standbilder in einem berühmten Tempel von Jedo aufbewahrt sind. Durch Wunder sollen sie die Wahrheit der buddhistischen Lehre bezeugt haben. ",原田一敏:櫻庭美咲,2014/7:2013/9,勝田徹:櫻庭美咲,,,壺高さ 7.5、盃の口径 17.5,盃と壺は別。オレンジのタグ「Eho der götzedes Weins Bronze gruppe」,14,kk1,1017,
2744,五大陸博物館,"Museum Fünf Kontinente ",S1020c,MFK-S1020c,Ⅶ,37,唐獅子香炉,incense burner,,金工品,,江戸,１９ｃ,,,日本,1,11.5 ,17.2 ,12.8 ,,,,,,蓋有り。玉追いの獅子。,青銅,,,,,,フィリップ・フランツ・フォン・シーボルト,Philipp Franz von Siebold,,,,S1020c,5 [S. 64] 香炉として用いられる動物の表現,5 Darstellungen von Thieren die [S. 64] als Rauchfaesser gebraucht werden.,原田一敏:櫻庭美咲,2014/7:2013/9,勝田徹,,,,中に白土残り実用していたものか。,15,kk1,1020,c
2745,五大陸博物館,"Museum Fünf Kontinente ",S1008a,MFK-S1008a,Ⅶ,37,麒麟 香炉,incense burner,,金工品,,江戸,１９ｃ,,,日本,1,,24.5 ,36.8 ,,,,,,大型の麒麟香炉。背に蓋を付ける（一ヵ所枘で差し込む）。,青銅、一部鍍金,眉、鼻、胴の一部に鍍金。尾は別鋳。尾の元で鑞付け。（今は回転する）,,,,,フィリップ・フランツ・フォン・シーボルト,Philipp Franz von Siebold,,,,S1008a,2麒麟と呼ばれる大型の四足動物。この動物は偉大なWeiser《賢者ヵ》が生まれた時だけに現れるというよく知られた伝説と結び付けられて考えられる [S. 61]。それは中国の儒教の哲学者たちの誕生時にそれが著名な中国の賢人[!]であることを証明した名高い空想上の動物であるが、それ以来この世から消え去ってしまった。そしてこの動物の再来が信じられている,"2 große vierfüssige Thiere Kirin genannt.  An diese Thiere knüpft sich eine wohlbekannte Sage   Dieses Thier soll blos erscheinen wenn ein großer Weiser geboren wird. [S. 61] Es ist das berühmte Fabelthier das sich bei der Geburt des chinesischen Philosophen Confucius dem berühmtesten chinesischen Weisen sich [!] zeigte seither aber von der Welt verschwunden ist. An dessen Wiedererscheinen wird geglaubt. ",原田一敏:櫻庭美咲,2014/7:2013/9,勝田徹,,,,,16,kk1,1008,a
2746,五大陸博物館,"Museum Fünf Kontinente ",S1008b,MFK-S1008b,Ⅶ,37,麒麟 香炉,incense burner,,金工品,,江戸,１９ｃ,,,日本,1,,25.8 ,38.2 ,,,,,,大型の麒麟香炉。背に蓋を付ける（一ヵ所枘で差し込む）。,青銅、一部鍍金,眉、鼻、胴の一部に鍍金。尾は別鋳。尾の元で鑞付け。（今は回転する）,,,,,フィリップ・フランツ・フォン・シーボルト,Philipp Franz von Siebold,,,,S1008b,2麒麟と呼ばれる大型の四足動物。この動物は偉大なWeiser《賢者ヵ》が生まれた時だけに現れるというよく知られた伝説と結び付けられて考えられる [S. 61]。それは中国の儒教の哲学者たちの誕生時にそれが著名な中国の賢人[!]であることを証明した名高い空想上の動物であるが、それ以来この世から消え去ってしまった。そしてこの動物の再来が信じられている,"2 große vierfüssige Thiere Kirin genannt.  An diese Thiere knüpft sich eine wohlbekannte Sage   Dieses Thier soll blos erscheinen wenn ein großer Weiser geboren wird. [S. 61] Es ist das berühmte Fabelthier das sich bei der Geburt des chinesischen Philosophen Confucius dem berühmtesten chinesischen Weisen sich [!] zeigte seither aber von der Welt verschwunden ist. An dessen Wiedererscheinen wird geglaubt. ",原田一敏:櫻庭美咲,2014/7:2013/9,勝田徹,,,,,16,kk1,1008,b
2747,五大陸博物館,"Museum Fünf Kontinente ",S954a,MFK-S954a,Ⅶ,37,鶴燭台,candle stand,,金工品,,江戸,１９ｃ,,,日本,1,,11.0 ,29.7 ,,,,,,菱形の台座に鶴が乗る。,錫、一部鍍金,錫に鍍金。錫の鋳造、薄造り。脚、頭、燭立は鍍金。表現があまい。羽１羽分のみ残る。鍛造の左右の翼をコイルバネで背の枘柱で留める。,脚中央に菊花文を透かす。,裏に「長源」の刻銘,,,フィリップ・フランツ・フォン・シーボルト,Philipp Franz von Siebold,,,,S954a,2 燭台としての鶴,2 Kraniche als Kandelaber ,原田一敏:櫻庭美咲,2014/7:2013/9,勝田徹,,,,羽なしをS954aとした,17,kk1,954,a
2748,五大陸博物館,"Museum Fünf Kontinente ",S954b,MFK-S954b,Ⅶ,37,鶴燭台,candle stand,,金工品,,江戸,１９ｃ,,,日本,1,,11.0 ,26.0 ,,,,,,菱形の台座に鶴が乗る。,錫、一部鍍金,錫に鍍金。錫の鋳造、薄造り。脚、頭、燭立は鍍金。表現があまい。羽１羽分のみ残る。鍛造の左右の翼をコイルバネで背の枘柱で留める。,脚中央に菊花文を透かす。,裏に「長源」の刻銘,,,フィリップ・フランツ・フォン・シーボルト,Philipp Franz von Siebold,,,,S954b,2 燭台としての鶴,2 Kraniche als Kandelaber ,原田一敏:櫻庭美咲,2014/7:2013/9,勝田徹,,,,羽ありをS954bとした,17,kk1,954,b
2749,五大陸博物館,"Museum Fünf Kontinente ",S1010a,MFK-S1010a,Ⅶ,37,鹿に人物香炉,incense burner,,金工品,,江戸,１９ｃ,,,日本,1,,15.0 ,21.0 ,,,,,,右の角が取れている。春日のご神体？台座に楓のレリーフ。人物：右手で巻子を執る。左手の形不明。長いあごひげ。中央の割れた頭巾を被る。人物の背に３つの孔→煙出し,金属,蠟型鋳造。鹿の左前足を除く３本足の上から鋲を指してカラクリ留め。鹿の口を大きく開けるが中型土が残ってふさいでいる。煙出とはならない。,,,,,フィリップ・フランツ・フォン・シーボルト,Philipp Franz von Siebold,,,,S1010a,3 鹿と水牛に乗った人物。それは彼の崇敬の念により崇拝された 中国の隠遁者である,3 Figuren auf Hirschen und Büffeln reitend. Es sind chinesische Einsiedler durch ihr Pietaet vergoettert. ,原田一敏:櫻庭美咲,2014/7:2013/9,勝田徹:櫻庭美咲,,,,,18,kk1,1010,a
2750,五大陸博物館,"Museum Fünf Kontinente ",S215,MFK-S215,Ⅶ,35,盥（茶巾盥か）,tub,,金工品,,江戸,１９ｃ,,,日本,1,,,4.6 ,,,15.0 ,14.7 ,,側面１ヵ所に円座円鐶付に円鐶を付ける。,銅,銅鍛造、鍍金。叩き金。内側に細かな槌目あり。仕上げに轆轤を引いたと見られる。縁を外側に折り曲げる。茶巾盥か,,文字有（読めない）,,タグ S.215(Japan) ein Messing kleines Becker,フィリップ・フランツ・フォン・シーボルト,Philipp Franz von Siebold,,,,S215,1 真鍮製の盥,1 messinges Becken ,原田一敏:櫻庭美咲,2014/7:2013/9,勝田徹,,,,Ⅶ_36の上の棚の番号がないので、Ⅶ_35とした,19,kk1,215,
2751,五大陸博物館,"Museum Fünf Kontinente ",S893,MFK-S893,Ⅶ,35?,喚鐘,handbell,,金工品,,江戸,１９ｃ,,,日本,1,,13.5 ,19.3 ,,,13.5 ,,,笠は５葉形。葉先を隆起させる。鐘身上下に２重の紐帯を廻らす。笠と上の紐帯に乳を不等間隔に３×３の９個つける。,青銅,駒の爪と下帯の間は素地に菊花形の撞座を２個陽鋳する。駒の爪は花形に波打っており、細いのと太い紐とする。龍頭は不鮮明。鑢をかけた跡あり。,紐帯の間の池の間は鍵を組み合わせた雷文繋ぎのような文様を表す→鑞型を貼ったような跡あり。,,,,フィリップ・フランツ・フォン・シーボルト,Philipp Franz von Siebold,,,,S893,3 寺梵鐘 [速記記号],3 Tempelglocken [Steno],原田一敏:櫻庭美咲,2014/7:2013/9,勝田徹,,,,Ⅶ_36の上の棚の番号がないので、Ⅶ_35とした,20,kk1,893,
2752,五大陸博物館,"Museum Fünf Kontinente ",S1041,MFK-S1041,Ⅶ,35,水洗盤,basin,,金工品,,江戸,１９ｃ,,,日本,1,,,6.3 ,,,14.9×10.6,,,隅丸方形盤。縁に鍔を作り出す。脚：蕨手状に内へ巻き込んでいる→元は獣面のように見える。,青銅,蠟形鋳造。,側面縁下に雷文を廻らす。その下に雲龍文。,底：「考孝珉造」の鋳銘,,タグ S.1041 Blumenschale,フィリップ・フランツ・フォン・シーボルト,Philipp Franz von Siebold,,,,S1041,1眠った龍に取り巻かれた生の水草を入れるための植木鉢,1 Blumentopf umschlungen von schlafenden Drachen für lebende Wasserpflanzen,原田一敏:櫻庭美咲,2014/7:2013/9,勝田徹:櫻庭美咲,,,,Ⅶ_36の上の棚の番号がないので、Ⅶ_35とした,21,kk1,1041,
2753,五大陸博物館,"Museum Fünf Kontinente ",S850,MFK-S850,Ⅶ,35?,輪灯,lantern,,金工品,,江戸,１９ｃ,,,日本,1,,③3.1,①12.5、②12.5、③12.4,,,①12.7、②8.2,,,3つに分かれる。①鈸子形。宝珠を貫通して吊金具を出す。盤状に縁を鍔状に作り出す。20弁。上に宝珠と吊鐶。②縁を菊花形にした皿の左右から菊花を透かし、線刻を加えたアーチ状の金具を指し込み鋲で留める。皿の中に2個の浅い盃。下は六器の皿型（受けあり）。その上の高台のみの皿。この2口の盃を円筒の上にのせる。③菊花透の垂飾。,銅,銅の鍛造。,垂飾：鋤彫、毛彫、透彫,②に文字有り,,タグ S.895(Japan) Klangbecher,フィリップ・フランツ・フォン・シーボルト,Philipp Franz von Siebold,,,,S850,1 釣灯篭,1 Haenglampe ,原田一敏:櫻庭美咲,2014/7:2013/9,勝田徹,,,Ⅶ_36の上の棚の番号がないので、Ⅶ_35とした,(浄土真宗だけで使用される仏具),22,kk1,850,
2754,五大陸博物館,"Museum Fünf Kontinente ",S1012,MFK-S1012,Ⅶ,34,鷺香炉,incense burner,,金工品,,江戸,１９ｃ,,,日本,1,,21.5 ,30.0 ,,,,,,背の羽根が蓋となるが、めくれた4枚の羽下が透けて煙出し。左足の2本が欠損→これが完存ならば展示には良い物。鳥の口から胴まで貫通しており、これを煙出としたか。,青銅,蠟形鋳造。,,なし,,,フィリップ・フランツ・フォン・シーボルト,Philipp Franz von Siebold,,,,S1012,2 背景は鷺1羽と雄鶏1羽の２羽の鳥が表されている。ただしそれらには象徴的な意味 がある,2 Voegel im Hintergrunde stellen 1 Reiher und 1 Hahn dar sind aber sÿmbolische Bedeutungen. ,原田一敏:櫻庭美咲,2014/7:2013/9,勝田徹,,,,番号がない棚35?の上なので、Ⅶ_34とした,23,kk1,1012,
2755,五大陸博物館,"Museum Fünf Kontinente ",S1013,MFK-S1013,Ⅶ,34,中国の兵置物（騎馬人物・関羽 S１００９）の従者か,ornament,,金工品,,江戸,１９ｃ,,,日本,1,,7.5 ,35.5 ,,,,,,龍戟を執った兵（頭頂に房の付いた帽子）用途？単なる置物か,青銅,蠟型。,,なし,,,フィリップ・フランツ・フォン・シーボルト,Philipp Franz von Siebold,,,,S1013,1 皇帝関羽の[S. 62]忠実な護衛を表した中央の像。それは皇帝の途方もなく大きな槍を 持つ一人の老人のグロテスクな姿である。,1 Figur in der Mitte stellt den [S. 62] treuen Begleiter des Kaisers Kanvo dar und ist eine croteske Darstellung (des) eines Greises der die ungeheuere Lanze seines Kaisers traegt. ,原田一敏:櫻庭美咲,2014/7:2013/9,勝田徹,,,,番号がない棚35?の上なので、Ⅶ_34とした,24,kk1,1013,
2756,五大陸博物館,"Museum Fünf Kontinente ",S1011,MFK-S1011,Ⅶ,34?,鹿 香炉,incense burner,,金工品,,江戸,１９ｃ,,,日本,1,,18.5 ,22.3 ,,,,,,鹿の口開けるが貫通していない。,青銅,蠟形鋳造。胸から頸へ中型土残る。,背に紅葉樹枝透を蓋とする。透が煙出し。一部紅葉破損。,なし,,,フィリップ・フランツ・フォン・シーボルト,Philipp Franz von Siebold,,,,S1011,2 背景の鹿たち、それらは隠遁者に仕えていた,2 Hirsche im Hintergrund Sie sind den Einsiedlern dienstbar geworden. ,原田一敏:櫻庭美咲,2014/7:2013/9,勝田徹:櫻庭美咲,,,,番号がない棚35?の上なので、Ⅶ_34とした,25,kk1,1011,
2757,五大陸博物館,"Museum Fünf Kontinente ",S208,MFK-S208,Ⅶ,33,銚子,sake pot,,金工品,,江戸,１９ｃ,,,日本,1,,20.0 ,8.0 ,13.6 ,7.8 ,5.7 ,,,小さな丸い足,青銅,鋳造。桜花、蕾、葉を陽鋳。蓋裏：針石地に桜花、蕾、葉を薄肉に陽鋳。,円文を廻らす。,なし,,,フィリップ・フランツ・フォン・シーボルト,Philipp Franz von Siebold,,,,S208,1 黄色いブロンズ製の酒用水注,1 Weinkanne von gelber Bronce,原田一敏:櫻庭美咲,2014/7:2013/9,勝田徹,,,,蓋までの高さ 9.2、口径（外） 6.8,27,kk1,208,
2758,五大陸博物館,"Museum Fünf Kontinente ",S1059,MFK-S1059,Ⅶ,33,ちろり,sake warmer,,金工品,,江戸,１９ｃ,,,日本,1,,9.5 ,11.0 ,,,4.9 ,4.9 ,,円筒形の本体に別造の注ぎ口を鑞付。底は嵌め底。口の際に把手を2か所でカラクリ留め。,錫、銅,錫鋳造、銅鍍金（把手）。,,なし,,タグ S.1059 kleines Maasge zf fass für Flüs sigkeiten,フィリップ・フランツ・フォン・シーボルト,Philipp Franz von Siebold,,,,S1059,1 液体のためのより小型の量り,1 kleineres Maaß für Flüssigkeiten.,原田一敏:櫻庭美咲,2014/7:2013/9,勝田徹,,,,,28,kk1,1059,
2759,五大陸博物館,"Museum Fünf Kontinente ",S212a,MFK-S212a,Ⅶ,33,銚子,sake pot,,金工品,,江戸,１９ｃ,,,日本,1,,27.5 ,5.9 ,12.8 ,,5.4 ,9.5 ,,身の上下を別造。上は銅、下は錫のように見える（内側銀色を呈す）。上下をかしめて留める。蓋の鈕、茶の実、座は円形。円文打出を11個表す。,銅 錫,長い注口は銅、下方で鑞付。吊手は銅製。豆のさや型を写す。全て鍛造。,上に獣毛のような線刻を施す。下は石目地。蓋は身の上と同様獣毛を線刻。,なし,,タグ S.212a Weinkanne mit laugen Hals,フィリップ・フランツ・フォン・シーボルト,Philipp Franz von Siebold,,,,S212a,2 鶴首の酒用水注,2 Weinkannen mit langen Haelsen,原田一敏:櫻庭美咲,2014/7:2013/9,勝田徹,,,,蓋までの高さ 7.8,29,kk1,212,a
2760,五大陸博物館,"Museum Fünf Kontinente ",S212ｂ,MFK-S212ｂ,Ⅶ,33,銚子,sake pot,,金工品,,江戸,１９ｃ,,,日本,1,,,6.8 ,14.4 ,,4.9 ,10.0 ,,身の上半、下半、注口、弦、弦の取付金具は別造。,銅,銅鍛造。真鍮のように色上げ。,上半：波に鯉を裏から打ち出し。下半：獣毛のような文を線刻。注口：上側で鑞付。弦：豆のさやの形。左右から合わせる。蓋：波文打出し,なし,,タグ S.212b(Japan) Weinkanne mit laugen Hals,フィリップ・フランツ・フォン・シーボルト,Philipp Franz von Siebold,,,,S212ｂ,2 鶴首の酒用水注,2 Weinkannen mit langen Haelsen,原田一敏:櫻庭美咲,2014/7:2013/9,勝田徹,,,,,30,kk1,212,b
2761,五大陸博物館,"Museum Fünf Kontinente ",S1909,MFK-S1909,Ⅶ,33,ちろり,sake warmer,,金工品,,江戸,１９ｃ,,,日本,1,,,9.6 ,16.3 ,,9.7 ,9.0 ,,円筒形、口縁下に注ぎ口を鑞付し、提げ手を鋲留する,銅,銅鍛造。本体、蓋受け、弦、注口、本体底は別造鑞付。身と蓋の内側：錫メッキ,,なし,,タグ S.1909(Japan) kanne aus kupfer,フィリップ・フランツ・フォン・シーボルト,Philipp Franz von Siebold,,,,S1909,,,原田一敏:櫻庭美咲,2014/7:2013/9,勝田徹,,,,蓋までの高さ 11.5,31,kk1,1909,
2762,五大陸博物館,"Museum Fünf Kontinente ",S1060a,MFK-S1060a,Ⅶ,33,ちろり,sake warmer,,金工品,,江戸,１９ｃ,,,日本,1,,,10.2 ,11.0 ,,5.9_6.6,5.5 ,,嵌め底。蓋は蝶番で開閉。,銅,銅鍛造。蓋、蓋の鈕、蓋の基部、把手、本体、底、蓋受けは別造。内側は錫メッキ。,,なし,,,フィリップ・フランツ・フォン・シーボルト,Philipp Franz von Siebold,,,,S1060a,3 米のビール：酒を温めるための金属製の水注,3 Metallkannen zum Waermen des Reisbieres / Sake /,原田一敏:櫻庭美咲,2014/7:2013/9,勝田徹,,,,,32,kk1,1060,a
2763,五大陸博物館,"Museum Fünf Kontinente ",S1060b,MFK-S1060b,Ⅶ,33,ちろり,sake warmer,,金工品,,江戸,１９ｃ,,,日本,1,,,11.0 ,,,6.4_7.4,6.1 ,,嵌め底。,銅,銅鍛造。把手の下側に鑞目あり。把手は鑞付。,,なし,,タグ S.1060a/b(Japan) zwei Blechkännchen zum Wärmer von Reisbier,フィリップ・フランツ・フォン・シーボルト,Philipp Franz von Siebold,,,,S1060b,3 米のビール：酒を温めるための金属製の水注,3 Metallkannen zum Waermen des Reisbieres / Sake /,原田一敏:櫻庭美咲,2014/7:2013/9,勝田徹,,,,,33,kk1,1060,b
2764,五大陸博物館,"Museum Fünf Kontinente ",S1023i,MFK-S1023i,Ⅶ,32,水注,pitcher,,金工品,,江戸,１９ｃ,,,日本,1,,,7.5 ,10.1 ,,4.4 ,4.7 ,,壺形。嵌め底。注口は胴に差し込む。蓋はわずかに甲盛。,青銅,銅鋳造。把手の龍は蠟型。,蓋外周に雷文。鈕は霊芝,,,タグ S.1023i Wasser kännchen(Japan),フィリップ・フランツ・フォン・シーボルト,Philipp Franz von Siebold,,,,S1023i,この仕切りは主に学者の文机に見られる道具から成る。例えば墨を用いるのに必要な13個の水滴である,Es besteht dieses Fach meist aus Geraethen die sich am Schreibtische der Gelehrten vorfinden z.B. 13 Wasserkaennchen die für den Tuschstein nöthig ,原田一敏:櫻庭美咲,2014/7:2013/9,勝田徹,,,,,34,kk1,1023,i
2765,五大陸博物館,"Museum Fünf Kontinente ",S1023h,MFK-S1023h,Ⅶ,32,水注,pitcher,,金工品,,江戸,１９ｃ,,,日本,1,,,7.5 ,10.1 ,,4.4 ,4.6 ,,肩衝の壺形。口の立ち上がりに段を作り、その上に2条の線を彫る。注口は差し込み。蓋はわずかに甲盛り。,青銅,銅鋳造、把手と鈕は蠟型,肩に花先文を5個。片切、鋤出で表す。把手は雨龍（蠟形）。蓋外周は雷文、鈕は霊芝。,,,,フィリップ・フランツ・フォン・シーボルト,Philipp Franz von Siebold,,,,S1023h,この仕切りは主に学者の文机に見られる道具から成る。例えば墨を用いるのに必要な13個の水滴である,Es besteht dieses Fach meist aus Geraethen die sich am Schreibtische der Gelehrten vorfinden z.B. 13 Wasserkaennchen die für den Tuschstein nöthig ,原田一敏:櫻庭美咲,2014/7:2013/9,勝田徹:櫻庭美咲,,,,,35,kk1,1023,h
2766,五大陸博物館,"Museum Fünf Kontinente ",S1025a,MFK-S1025a,Ⅶ,32,梅手燭,candle stand,,金工品,,江戸,１９ｃ,,,日本,1,,26.2 ,11.0 ,,,,,,枝を把手としてその先に梅花。枝から燭立を共造りとして梅花を皿状に作って上から通す。使用した跡あり。,青銅、一部鍍金,蠟形鋳造。,,,,,フィリップ・フランツ・フォン・シーボルト,Philipp Franz von Siebold,,,,S1025a,4 行燈,4 Leuchter,原田一敏:櫻庭美咲,2014/7:2013/9,勝田徹:櫻庭美咲,,,,,36,kk1,1025,a
2767,五大陸博物館,"Museum Fünf Kontinente ",S1023a,MFK-S1023a,Ⅶ,32,水注,pitcher,,金工品,,江戸,１９ｃ,,,日本,1,,12.4 ,9.0 ,12.2 ,,4.3 ,5.6 ,,本体、注口、把手は別造。龍のあご下、尾の元に枘を作り出して本体に差し込む。蓋は少し甲盛り。,青銅,銅の鋳造。把手は蠟形（雨龍）。,本体：胴に雲鶴を細い銀の線象嵌で表す。鈕は霊芝。,なし,,,フィリップ・フランツ・フォン・シーボルト,Philipp Franz von Siebold,,,,S1023a,この仕切りは主に学者の文机に見られる道具から成る。例えば墨を用いるのに必要な13個の水滴である,Es besteht dieses Fach meist aus Geraethen die sich am Schreibtische der Gelehrten vorfinden z.B. 13 Wasserkaennchen die für den Tuschstein nöthig ,原田一敏:櫻庭美咲,2014/7:2013/9,勝田徹,,,,,37,kk1,1023,a
2768,五大陸博物館,"Museum Fünf Kontinente ",S1023b,MFK-S1023b,Ⅶ,32,水注,pitcher,,金工品,,江戸,１９ｃ,,,日本,1,,11.5 ,9.8 ,13.0 ,,4.3 ,5.6 ,,嵌め底。蓋は笠形。獅子鈕はカラクリ留め。,青銅,銅鋳造,胴に雲鶴文（細い銀の線象嵌）。台上下に網代文。,なし,,,フィリップ・フランツ・フォン・シーボルト,Philipp Franz von Siebold,,,,S1023b,この仕切りは主に学者の文机に見られる道具から成る。例えば墨を用いるのに必要な13個の水滴である,Es besteht dieses Fach meist aus Geraethen die sich am Schreibtische der Gelehrten vorfinden z.B. 13 Wasserkaennchen die für den Tuschstein nöthig ,原田一敏:櫻庭美咲,2014/7:2013/9,勝田徹:原田一敏,,,,S1023ｆ（重郷鋳）と作風似る。,38,kk1,1023,b
2769,五大陸博物館,"Museum Fünf Kontinente ",S609,MFK-S609,Ⅶ,32,香炉,incense burner,,金工品,,江戸,１９ｃ,,,日本,1,,9.6 ,5.2 ,7.8 ,,5.6×3.8,5.0×3.6,,上は長方形で立ち上がりをつける。胴は四側の中央で最も高く盛り上げる。蓋は方形、甲盛高く付す。中心に「壽」字を透かす。亀の鈕（銀製）を足で鑞付。,銅,銅鍛造。漆の焼付け仕上げ。。銅の下に脚を４つ一組の打出板で作り、鑞付する。胴に桃と蝙蝠を打ち出して表し、鍍金を施す。耳は割鋲を差して折り曲げて固定。,口の立ち上がりに輪繋文。耳は雲文。蓋の周りは波涛文、打出し。,なし,,タグS609(Japan) kl. Ränchergefäss mit Deckel,フィリップ・フランツ・フォン・シーボルト,Philipp Franz von Siebold,,,,S609,1 小型のブロンズ製香炉,1 kleines bronzenes Weihrauchsgefaäß,原田一敏:櫻庭美咲,2014/7:2013/9,勝田徹,,,,,39,kk1,609,
2770,五大陸博物館,"Museum Fünf Kontinente ",S1023d,MFK-S1023d,Ⅶ,32,水注,pitcher,,金工品,,江戸,１９ｃ,,,日本,1,,11.9 ,7.9 ,11.5 ,,3.0 ,6.4 ,,高台の大きい壺形。霊芝の鈕をカラクリ留め。,青銅,銅鋳造（蠟型）。胴に雲龍陽鋳。地は針石（鋳造後か）。,口縁：雷文繋。胴：雷文繋ぎ。高台上部：波文。把手：雲文。蓋：龍文。,底裏「釣齋」,,,フィリップ・フランツ・フォン・シーボルト,Philipp Franz von Siebold,,,,S1023d,この仕切りは主に学者の文机に見られる道具から成る。例えば墨を用いるのに必要な13個の水滴である,Es besteht dieses Fach meist aus Geraethen die sich am Schreibtische der Gelehrten vorfinden z.B. 13 Wasserkaennchen die für den Tuschstein nöthig ,原田一敏:櫻庭美咲,2014/7:2013/9,勝田徹:原田一敏,,,,水滴として用いたか,40,kk1,1023,d
2771,五大陸博物館,"Museum Fünf Kontinente ",S1023g,MFK-S1023g,Ⅶ,32,水注（三足）,pitcher,,金工品,,江戸,１９ｃ,,,日本,1,,10.0 ,6.5 ,11.4 ,,3.0 ,4.3 ,,丸壺形。脚：瓢箪。弦：左右から珠をくわえる龍。蓋：笠形。鈕：瓢箪（カラクリ留め）,青銅,本体、弦、注口は別造。注口差し込み。内側の廻りに漆が残る。,口の立ち上がりに雷文。胴部：雲龍文を陽鋳。笠：雲文陽鋳。,,,,フィリップ・フランツ・フォン・シーボルト,Philipp Franz von Siebold,,,,S1023g,この仕切りは主に学者の文机に見られる道具から成る。例えば墨を用いるのに必要な13個の水滴である,Es besteht dieses Fach meist aus Geraethen die sich am Schreibtische der Gelehrten vorfinden z.B. 13 Wasserkaennchen die für den Tuschstein nöthig ,原田一敏:櫻庭美咲,2014/7:2013/9,勝田徹,,,,つまみまでの高さ 8.1,41,kk1,1023,g
2772,五大陸博物館,"Museum Fünf Kontinente ",S1023E,MFK-S1023E,Ⅶ,32,水注（三足）,pitcher,,金工品,,江戸,１９ｃ,,,日本,1,,9.3 ,6.7 ,11.6 ,,3.0 ,4.7 ,,丸壺形。脚：瓢箪。弦：左右から珠をくわえる龍。蓋：笠形。鈕：瓢箪（カラクリ留め）,青銅,本体、弦、注口は別造。注口差し込み。内側の廻りに漆が残る。,口の立ち上がりに雷文。胴部：雲龍文を陽鋳。笠：雲文陽鋳。,,,タグS1023E(Japan) Wasserkamchen für den Tuschstein,フィリップ・フランツ・フォン・シーボルト,Philipp Franz von Siebold,,,,S1023E,この仕切りは主に学者の文机に見られる道具から成る。例えば墨を用いるのに必要な13個の水滴である,Es besteht dieses Fach meist aus Geraethen die sich am Schreibtische der Gelehrten vorfinden z.B. 13 Wasserkaennchen die für den Tuschstein nöthig ,原田一敏:櫻庭美咲,2014/7:2013/9,勝田徹,,,,つまみまでの高さ 9.0,42,kk1,1023,E
2773,五大陸博物館,"Museum Fünf Kontinente ",S1023f,MFK-S1023f,Ⅶ,32,水注,pitcher,,金工品,,江戸,１９ｃ,,,日本,1,,15.0 ,10.1 ,14.0 ,,5.2 ,6.8 ,,壺形。長い注口。方形変形の把手。蓋鈕：獅子→出来良い。たてがみ巻き毛、尾は銀象嵌。,青銅,銅鋳造。挽き型。口の立ち上がりに銀象嵌。,胴に雲鶴の細い銀の線象嵌。脚上に網代文線象嵌。,鋳銘「重郷鋳」,,タグS1023f(Japan) Wasserkamchen für den Tuschstein,フィリップ・フランツ・フォン・シーボルト,Philipp Franz von Siebold,,,,S1023f,この仕切りは主に学者の文机に見られる道具から成る。例えば墨を用いるのに必要な13個の水滴である,Es besteht dieses Fach meist aus Geraethen die sich am Schreibtische der Gelehrten vorfinden z.B. 13 Wasserkaennchen die für den Tuschstein nöthig ,原田一敏:櫻庭美咲,2014/7:2013/9,勝田徹,,,,,43,kk1,1023,f
2774,五大陸博物館,"Museum Fünf Kontinente ",S1035a,MFK-S1035a,Ⅶ,31,筆筒,brush case,,金工品,,江戸,１９ｃ,,,日本,1,,,13.8 ,,,8.5 ,8.6 ,,円筒形。玉縁状の口縁。,青銅,蠟形鋳造。底は嵌め底。,口縁の下に雷文帯を凹ませて廻らす。肩の上下に2条の鈕の間に小円文帯を廻らす。小円文帯をはさんで細やかな雲文を透かす。腰は蕉葉文を廻らす。最下に雷文。,,,,フィリップ・フランツ・フォン・シーボルト,Philipp Franz von Siebold,,,,S1035a,3 透かし彫りが施された杯。筆と文具を入れる器で、通常学者の文机を飾るものである。そのうち一つは鳳凰が浮彫りで表され、その他は仏教の神話 における神秘的な龍が表されている,3 Becher von durchbrochener Arbeit. Es sind Behaelter für Pinsel und Schreibgeraethe und zieren gewoehnlich den Schreibtisch von Gelehrten. Auf dem einen findet man erhaben gravirt den Phönix der andere traegt den mÿstischen Drachen der buddhistischen Mÿthologie .,原田一敏:櫻庭美咲,2014/7:2013/9,勝田徹,,,,蠟型の仕事が細かい。,45,kk1,1035,a
2775,五大陸博物館,"Museum Fünf Kontinente ",S1035b,MFK-S1035b,Ⅶ,31,筆筒,brush case,,金工品,,江戸,１９ｃ,,,日本,1,,,11.7 ,,,8.1 ,7.6 ,,円筒形。玉縁状の口縁。,青銅,蠟形鋳造。底は嵌め底。,雷文、円文を上下に廻らす。その間に２ヵ所大きく窓を作り、鳳凰文を薄肉陽鋳。窓の外周は雷文繋。窓以外は細かな雷文を透かす。,,,,フィリップ・フランツ・フォン・シーボルト,Philipp Franz von Siebold,,,,S1035b,3 透かし彫りが施された杯。筆と文具を入れる器で、通常学者の文机を飾るものである。そのうち一つは鳳凰が浮彫りで表され、その他は仏教の神話 における神秘的な龍が表されている,3 Becher von durchbrochener Arbeit. Es sind Behaelter für Pinsel und Schreibgeraethe und zieren gewoehnlich den Schreibtisch von Gelehrten. Auf dem einen findet man erhaben gravirt den Phönix der andere traegt den mÿstischen Drachen der buddhistischen Mÿthologie .,原田一敏:櫻庭美咲,2014/7:2013/9,勝田徹,,,,蠟型の仕事が細かい。,45,kk1,1035,b
2776,五大陸博物館,"Museum Fünf Kontinente ",S1035c,MFK-S1035c,Ⅶ,31,筆筒,brush case,,金工品,,江戸,１９ｃ,,,日本,1,,,11.5 ,,,8.0 ,7.6 ,,円筒形。玉縁状の口縁。S1035a bよりも大型。,青銅,蠟形鋳造,上下に鈕帯を廻らし、その間に四弁花、菊花を薄肉に表す。胴に大きく窓状に雲龍文を透かす。,銘あるが読めない,,,フィリップ・フランツ・フォン・シーボルト,Philipp Franz von Siebold,,,,S1035c,3 透かし彫りが施された杯。筆と文具を入れる器で、通常学者の文机を飾るものである。そのうち一つは鳳凰が浮彫りで表され、その他は仏教の神話 における神秘的な龍が表されている,3 Becher von durchbrochener Arbeit. Es sind Behaelter für Pinsel und Schreibgeraethe und zieren gewoehnlich den Schreibtisch von Gelehrten. Auf dem einen findet man erhaben gravirt den Phönix der andere traegt den mÿstischen Drachen der buddhistischen Mÿthologie .,原田一敏:櫻庭美咲,2014/7:2013/9,勝田徹,,,,蠟型の仕事が細かい。,45,kk1,1035,c
2777,五大陸博物館,"Museum Fünf Kontinente ",S1021c,MFK-S1021c,Ⅶ,31,角型香炉,incense burner,,金工品,,江戸,１９ｃ,,,日本,1,,,6.0 ,12.5 ,,8.2×6.1,5.5×7.5,,方形、胴を膨らませる。脚は２枚の葉の裏側。耳付。蓋は唐草透かしの上に共造り獅子。,青銅,蠟形鋳造、一部鍍金,口の立ち上がりに雷文。胴は雷文地に葡萄樹文、松樹（長側）、耳長兎（短側）を薄肉陽鋳で表す。,,,タグS1021c(Japan) Räuchergefäss Bronze mit tier,フィリップ・フランツ・フォン・シーボルト,Philipp Franz von Siebold,,,,S1021c,6寺の祭壇で用いられるような動物装飾が施された香炉。中央前方に一つ置く,"6 Rauchfaesser mit Thierverzierungen wie sie im Tempel am Altare verwendet werden. Vorn in der Mitte steht ein  ",原田一敏:櫻庭美咲,2014/7:2013/9,勝田徹,,,,,46,kk1,1021,c
2778,五大陸博物館,"Museum Fünf Kontinente ",S1021f,MFK-S1021f,Ⅶ,31,香炉,incense burner,,金工品,,江戸,１９ｃ,,,日本,1,,,7.7 ,13.5 ,,7.0 ,6.8 ,,浅い壺形。口縁は鍔を作り出す。,青銅,蠟型鋳造。,胴は４つに区画して如意を執る寿老人（鹿らしき動物がいる）。裏側に布袋。その間の区画に「花生に人物」、「岩に付き」文を薄肉陽鋳で表す。耳は雲文透かし（カラクリ留め）。蓋は菊花弁透、頂に獅子。,「大明宣徳年製」の鋳銘、作品そのものは日本製,,タグS1021f(Japan) Räuchergefäss Bronze mit tier,フィリップ・フランツ・フォン・シーボルト,Philipp Franz von Siebold,,,,S1021f,6寺の祭壇で用いられるような動物装飾が施された香炉。中央前方に一つ置く,"6 Rauchfaesser mit Thierverzierungen wie sie im Tempel am Altare verwendet werden. Vorn in der Mitte steht ein  ",原田一敏:櫻庭美咲,2014/7:2013/9,勝田徹,,,,,47,kk1,1021,f
2779,五大陸博物館,"Museum Fünf Kontinente ",S1021d,MFK-S1021d,Ⅶ,31,香炉（三足）,incense burner,,金工品,,江戸,１９ｃ,,,日本,1,,11.5 ,5.8 ,10.7 ,,6.4 ,4.5 ,,袴腰を広くした形。左右にねずみのような顔の耳。三つ足。蓋：雲文透かしの上に獅子。,青銅,,胴の表裏に芦に鶴。裏は菊に蝶を狭間の内に薄肉陽鋳で表す。,なし,,タグS1021d(Japan) Bronze Räuchergefäss Bronze mit tier,フィリップ・フランツ・フォン・シーボルト,Philipp Franz von Siebold,,,,S1021d,6寺の祭壇で用いられるような動物装飾が施された香炉。中央前方に一つ置く,"6 Rauchfaesser mit Thierverzierungen wie sie im Tempel am Altare verwendet werden. Vorn in der Mitte steht ein  ",原田一敏:櫻庭美咲,2014/7:2013/9,勝田徹,,,,,48,kk1,1021,d
2780,五大陸博物館,"Museum Fünf Kontinente ",S1021e,MFK-S1021e,Ⅶ,31,香炉,incense burner,,金工品,,江戸,１９ｃ,,,日本,1,,12.6 ,9.3 ,16.7 ,,8.3 ,7.3 ,,壺形。Ｓ1021の中では大型。蓋：大きく鍔を作り、縄を透かしてその上に獅子。,青銅,蠟型鋳造。,鍔を作り出し、肩に花弁を巡らす。胴４つに区画して「卓に乗り菊をかかげる人物」、「巻子を広げ舞う人物（寒山か）」、「楼閣」、「拾得」を薄肉陽鋳。,「大明宣徳年製」の鋳銘。作品そのものは日本製,,タグS1021e(Japan) Räuchergefäss,フィリップ・フランツ・フォン・シーボルト,Philipp Franz von Siebold,,,,S1021e,6寺の祭壇で用いられるような動物装飾が施された香炉。中央前方に一つ置く,"6 Rauchfaesser mit Thierverzierungen wie sie im Tempel am Altare verwendet werden. Vorn in der Mitte steht ein  ",原田一敏:櫻庭美咲,2014/7:2013/9,勝田徹,,,,,49,kk1,1021,e
2781,五大陸博物館,"Museum Fünf Kontinente ",S1021g,MFK-S1021g,Ⅶ,31,香炉（三足）,incense burner,,金工品,,江戸,１９ｃ,,,日本,1,,,6.4 ,11.5 ,,5.8 ,5.3 ,,六角形。脚は蕨状に先を大きく巻き込む。蓋は鍔を作り出して花弁を透かし、その上に獅子の鈕→本体とは別のもの。,金属,鋳造,各間に鳳凰を対向して薄肉に表す。,なし,,タグS1021g(Japan) Räuchergefäss Bronze mit Tiervenzierung,フィリップ・フランツ・フォン・シーボルト,Philipp Franz von Siebold,,,,S1021g,6寺の祭壇で用いられるような動物装飾が施された香炉。中央前方に一つ置く,"6 Rauchfaesser mit Thierverzierungen wie sie im Tempel am Altare verwendet werden. Vorn in der Mitte steht ein  ",原田一敏:櫻庭美咲,2014/7:2013/9,勝田徹,,,,蓋は本体とは別のもの,50,kk1,1021,g
2782,五大陸博物館,"Museum Fünf Kontinente ",S1023c,MFK-S1023c,Ⅶ,31,水注,pitcher,,金工品,,江戸,１９ｃ,,,日本,1,,15.6 ,10.3 ,13.4 ,,,6.6 ,,注口を龍頭とし、把手は龍。蓋は中央が笠状に盛り上がる。上に犬の（珍しい）鈕。,金属（青銅）,蠟型鋳造。,口の立ち上がりに雷文。身に雲龍を肉厚に表しす。脚の立ち上がりに雷文。,把手の下の方に「富山」の鋳銘。,,,フィリップ・フランツ・フォン・シーボルト,Philipp Franz von Siebold,,,,S1023c,この仕切りは主に学者の文机に見られる道具から成る。例えば墨を用いるのに必要な13個の水滴である,Es besteht dieses Fach meist aus Geraethen die sich am Schreibtische der Gelehrten vorfinden z.B. 13 Wasserkaennchen die für den Tuschstein nöthig ,原田一敏:櫻庭美咲,2014/7:2013/9,勝田徹,,,,,51,kk1,1023,c
2783,五大陸博物館,"Museum Fünf Kontinente ",S1026b,MFK-S1026b,Ⅶ,31,火入れ,pot for embers,,金工品,,江戸,１９ｃ,,,日本,1,,,10.2 ,,,12.6 ,9.1 ,,たてがみを座にみたてた獅子の耳。鐶は貫通していないので付けられない。,象は青銅、楼閣は洋銀ブロンズ,鋳造。嵌め底。,口縁下に２重の円内に乳状の円文を巡らす。肩に蕉葉文筋文様入るも何かわからず。腰には幾何学文。間に雷文。,なし,,タグS1026b(Japan) Kohlenbecken,フィリップ・フランツ・フォン・シーボルト,Philipp Franz von Siebold,,,,S1026b,3 火鉢, 3 Kohlenbecken.,原田一敏:櫻庭美咲,2014/7:2013/9,勝田徹,,,,用途は炭入れか？,52,kk1,1026,b
2784,五大陸博物館,"Museum Fünf Kontinente ",S1026c,MFK-S1026c,Ⅶ,31,火入れ,pot for embers,,金工品,,江戸,１９ｃ,,,日本,1,,,9.0 ,,,11.0 ,8.2 ,,壺形,青銅,嵌め底,胴中央部に窓を作り、其の内に樹木に鳥を薄肉に表すが樹木、鳥の種類を特定できない。,なし,,タグS1026c(Japan) Feuerbecken,フィリップ・フランツ・フォン・シーボルト,Philipp Franz von Siebold,,,,S1026c,3 火鉢, 3 Kohlenbecken.,原田一敏:櫻庭美咲,2014/7:2013/9,勝田徹,,,,用途は炭入れか？,53,kk1,1026,c
2785,五大陸博物館,"Museum Fünf Kontinente ",S1093,MFK-S1093_kk,Ⅵ,29,象香炉,incense burner,,金工品,,江戸,１９ｃ,,,日本,1,,45.5 ,22.5 ,42.0 ,,,,,象：胴の左右に雲龍を表した織物と思われる方形の飾りを付け、裾の織毛を垂らす。背に複弁蓮華風の弁帯を巡らし、その上に亀甲文を表した框座を設け、その上にさらに高欗（六角形）を付ける。楼閣：長六角形。各間亀甲地として中心に円窓を開け、幾何学的な文様の格子をはめる。２階も同様であるが、円窓の内は縦横の格子。外周に唐草透の高欗。,青銅、洋銀,楼閣は洋銀（ニッケル、胴、亜鉛）。像は青銅（多分蠟型であろう）。象：鼻・唇・目・耳・脚・爪などの一部に鍍金。牙や耳、眉、脚などの線刻は毛彫り。頸から背、胸、尻に円文をつないだ紐飾を鋳出する。,楼閣：屋根は亀甲文。前後２ヵ所に龍文を陽鋳,,,タグS1093(Japan) Elefant mit vergoldenten Turm Bronze Räuchergefäss,フィリップ・フランツ・フォン・シーボルト,Philipp Franz von Siebold,,,,S1093_kk,2 中国趣味に仕上げられた奢侈品である金塗りの塔が付いた象たち。これらはある寺の旧蔵品 であり香を焚くために用いられる,2 Elephanten mit vergoldetem Thurme Prachtsruecke nach chinesischem Geschmack gearbeitet. Sie stammen aus einem Tempel und werden zum Weihrauchbrennen verwendet.,原田一敏:櫻庭美咲,2014/7:2013/9,勝田徹:原田一敏,,,,,54,kk1,1093,
2786,五大陸博物館,"Museum Fünf Kontinente ",S192b,MFK-S192b,Ⅶ,30,亀文鎮,paper weight,,金工品,,江戸,１９ｃ,,,日本,1,,11.5×6.2,3.5 ,,,,,,,青銅,蠟型鋳造、銀線象嵌,,裏に「富山」の鋳銘,,,フィリップ・フランツ・フォン・シーボルト,Philipp Franz von Siebold,,,,S192b,6 紙押しとしての亀,6 Schildkröten als Preßpapier ,原田一敏:櫻庭美咲,2014/7:2013/9,勝田徹,,,,,55,kk1,192,b
2787,五大陸博物館,"Museum Fünf Kontinente ",S192c,MFK-S192c,Ⅶ,30,蓑亀文鎮,paper weight,,金工品,,江戸,１９ｃ,,,日本,1,,12.6×6.1,3.5 ,,,,,,,青銅,蠟型鋳造,S192bと同様に銀の線象嵌で亀甲文を表す。,裏に「富山」の鋳銘,,,フィリップ・フランツ・フォン・シーボルト,Philipp Franz von Siebold,,,,S192c,6 紙押しとしての亀,6 Schildkröten als Preßpapier ,原田一敏:櫻庭美咲,2014/7:2013/9,勝田徹,,,,,56,kk1,192,c
2788,五大陸博物館,"Museum Fünf Kontinente ",S1025b,MFK-S1025b,Ⅶ,30,燭台,candle stand,,金工品,,江戸,１９ｃ,,,日本,1,,5.8 ,11.0 ,,5.8 ,,,,三足燭台。獣面から長い獣脚を出す→３本。獣面の上に雲文を透かす。その上に円形の蝋燭の置台を設ける。蝋燭をカラクリ留めする。,青銅,蠟型鋳造,,なし,,タグS1025b Bronzelenchter,フィリップ・フランツ・フォン・シーボルト,Philipp Franz von Siebold,,,,S1025b,4 行燈,4 Leuchter,原田一敏:櫻庭美咲,2014/7:2013/9,勝田徹,,,,蝋燭置台径 4.2,57,kk1,1025,b
2789,五大陸博物館,"Museum Fünf Kontinente ",S1021b,MFK-S1021b,Ⅶ,30,香炉,incense burner,,金工品,,江戸,１９ｃ,,,日本,1,,10.5 ,6.5 ,10.6 ,,6.3 ,5.3 ,,上下を縮めたような亜字形。口に鍔を作り出す。胴は上下をつぶしたような円形。台脚はくくりを付けて底で開き、立上りをつける。頸にＬ形の耳をを挿入し、先に孔を開け、針金をまるめてとめる。蓋：鍔を大きく作った笠形で笠上に共造りのうずくまる獅子を鑞型で鋳造。,青銅,挽き型。嵌め底。蓋の獅子：蠟型鋳造,釉垂れのような文様を表す。,,,,フィリップ・フランツ・フォン・シーボルト,Philipp Franz von Siebold,,,,S1021b,6寺の祭壇で用いられるような動物装飾が施された香炉。中央前方に一つ置く,"6 Rauchfaesser mit Thierverzierungen wie sie im Tempel am Altare verwendet werden. Vorn in der Mitte steht ein  ",原田一敏:櫻庭美咲,2014/7:2013/9,勝田徹,,,,,58,kk1 kk2,1021,b
2790,五大陸博物館,"Museum Fünf Kontinente ",S193,MFK-S193,Ⅶ,30,亀乗仙人文鎮,paper weight,,金工品,,江戸,１９ｃ,,,日本,1,3.4 ,9.8 ,7.5 ,,,,,,みの亀の上に長いあごひげを有し、頭頂に蛇と思しきものを載せた仙人,青銅,蠟型鋳造,,なし,,タグS193(Japan) Bronze kultfig Schildkröte mit alten Mann,フィリップ・フランツ・フォン・シーボルト,Philipp Franz von Siebold,,,,S193,1 １人の老人を伴う亀,1 Schildkröte mit 1 altem Mann ,原田一敏:櫻庭美咲,2014/7:2013/9,勝田徹,,,,鋳出悪し,59,kk1,193,
2791,五大陸博物館,"Museum Fünf Kontinente ",S955a,MFK-S955a,Ⅶ,30,高脚杯と盃のセット（高脚杯）,stand for sake cup,,金工品,,江戸,１９ｃ,,,日本,1,,,1.7 ,8.5 ,,8.4 ,,,裾開きの長い台脚をもつ盃受け。受けは表に浅い立ち上がりを設ける。,青銅,銅鋳造、鍍金。ろくろ挽き仕上げ,台脚肩の２条の紐帯,立ち上がりの円の内に「うめ」の墨書,,タグS955a/b(Japan?) Opferschälchen Flache kelche mit flachen Schale,フィリップ・フランツ・フォン・シーボルト,Philipp Franz von Siebold,,,,S955a,2 真鍮製の供物の酒のための水注,2 Kannenfür Opferwein von Messing ,原田一敏:櫻庭美咲,2014/7:2013/9,勝田徹,,,,,60,kk1,955,a
2792,五大陸博物館,"Museum Fünf Kontinente ",S955b,MFK-S955b,Ⅶ,30,高脚杯と盃のセット（盃）,sake cup,,金工品,,江戸,１９ｃ,,,日本,1,,,7.5 ,8.5 ,,8.4 ,,,浅い円形。高台を持つ。,青銅,銅鋳造、鍍金。ろくろ挽き仕上げ,,,,タグS955a/b(Japan?) Opferschälchen Flache kelche mit flachen Schale,フィリップ・フランツ・フォン・シーボルト,Philipp Franz von Siebold,,,,S955b,2 真鍮製の供物の酒のための水注,2 Kannenfür Opferwein von Messing ,原田一敏:櫻庭美咲,2014/7:2013/9,勝田徹,,,,,60,kk1,955,b
2793,五大陸博物館,"Museum Fünf Kontinente ",S2056a/b,MFK-S2056ab,Ⅶ,30,熨斗口付徳利,sake bottle,,金工品,,江戸,１９ｃ,,,日本,1,,,11.8 ,20.7 ,,2.5 ,4.5 ,,梅瓶の口を長くした形。台脚の立ち上げが高い。熨斗口：元に円錐形の挿し込み金具を鋲留。,青銅鍍金,銅鋳造鍍金。嵌め底。熨斗口：銅板鍍金。,,墨書あり,,タグS2056a/b Zwei kleine glatte Messing Vasen mit Gohei aus dünnen Messingblech,フィリップ・フランツ・フォン・シーボルト,Philipp Franz von Siebold,,,,S2056ab,,,原田一敏:櫻庭美咲,2014/7:2013/9,勝田徹,,,,,61,kk1,2056,a/b
2794,五大陸博物館,"Museum Fünf Kontinente ",S2055,MFK-S2055,Ⅶ,30,熨斗口付徳利,sake bottle,,金工品,,江戸,１９ｃ,,,日本,1,,,11.8 ,20.7 ,,2.5 ,4.5 ,,梅瓶の口を長くした形。台脚の立ち上げが高い。熨斗口：元に円錐形の挿し込み金具を鋲留。,青銅鍍金,銅鋳造鍍金。嵌め底。熨斗口：銅板鍍金。,,墨書あり「上久 丁め 鎮釼」,,タグS2056a/b Zwei kleine glatte Messing Vasen mit Gohei aus dünnen Messingblech,フィリップ・フランツ・フォン・シーボルト,Philipp Franz von Siebold,,,,S2055,,,原田一敏:櫻庭美咲,2014/7:2013/9,勝田徹,,,,,61,kk1,2055,
2795,五大陸博物館,"Museum Fünf Kontinente ",S1024a,MFK-S1024a,Ⅶ,30,筆洗,brush washing bowl,,金工品,,江戸,１９ｃ,,,日本,1,,16.5 ,6.9 ,7.9 ,,7.4×13.8,4.7×7.3,,上から見ると卵形。口縁に玉縁。肩に１条の紐を巡らし、その間に３重円と乳状の円文。高台：垂直。高台底を幅広く作る。,青銅,蠟型鋳造,胴：片側に龍。もう片側に星と魚（鯉から龍に変化する直前の鯉）,,,タグS1024a(Japan) Bronze_Schale zum Auswaschen von Pinseln,フィリップ・フランツ・フォン・シーボルト,Philipp Franz von Siebold,,,,S1024a,5 筆を洗うための把手のある深皿、周知のとおり[S. 65]日本人はペンの代わりに筆で文字を書く,5 Schaalen mit Henkel zum Auswaschen der Pinsel da die Japanesen bekanntlich [S. 65] anstatt mit Feder mit Pinsel schreiben.,原田一敏:櫻庭美咲,2014/7:2013/9,勝田徹,,,,,62,kk1,1024,a
2796,五大陸博物館,"Museum Fünf Kontinente ",S1024b,MFK-S1024b,Ⅶ,30,筆洗,brush washing bowl,,金工品,,江戸,１９ｃ,,,日本,1,,14.0 ,5.1 ,8.1 ,,12.7×9.4,5.4×7.8,,上から見ると木の葉形。把手はデフォルメした鳳凰。鋲のカラクリ留め。,青銅,蠟型鋳造,胴：側面全体に雨龍（雨、雲龍を陽鋳）,底に「釣齋」,,タグS1024a(Japan) Bronze_Schale zum Auswaschen von Pinseln,フィリップ・フランツ・フォン・シーボルト,Philipp Franz von Siebold,,,,S1024b,5 筆を洗うための把手のある深皿、周知のとおり[S. 65]日本人はペンの代わりに筆で文字を書く,5 Schaalen mit Henkel zum Auswaschen der Pinsel da die Japanesen bekanntlich [S. 65] anstatt mit Feder mit Pinsel schreiben.,原田一敏:櫻庭美咲,2014/7:2013/9,勝田徹,,,,,63,kk1,1024,b
2797,五大陸博物館,"Museum Fünf Kontinente ",S1024c,MFK-S1024c,Ⅶ,30,筆洗,brush washing bowl,,金工品,,江戸,１９ｃ,,,日本,1,,13.5 ,4.5 ,5.0 ,,7.3×11.2,3.5×5.3,,上から見ると蓮弁形。底は方形に作る（高台なしの平底）。把手：デフォルメしたものか。上下でカラクリ留め,青銅,蠟型鋳造,口縁下に雷文を銀線象嵌で巡らす。胴：表裏とも前面に波涛文を細い銀の線象嵌。把手：唐草文を銀の線象嵌。,,,,フィリップ・フランツ・フォン・シーボルト,Philipp Franz von Siebold,,,,S1024c,5 筆を洗うための把手のある深皿、周知のとおり[S. 65]日本人はペンの代わりに筆で文字を書く,5 Schaalen mit Henkel zum Auswaschen der Pinsel da die Japanesen bekanntlich [S. 65] anstatt mit Feder mit Pinsel schreiben.,原田一敏:櫻庭美咲,2014/7:2013/9,勝田徹,,,,,64,kk1,1024,c
2798,五大陸博物館,"Museum Fünf Kontinente ",S1042,MFK-S1042,Ⅶ,30,掛花生,vase,,金工品,,江戸,１９ｃ,,,日本,1,8.1 ,18.5 ,6.2 ,,,,,,本体部は瓢形。表面に蔦と蝉を内肉高に陽鋳する。蔦の元が掛け鐶。,青銅,蠟型鋳造,,背に鋳銘「義道造」,,,フィリップ・フランツ・フォン・シーボルト,Philipp Franz von Siebold,,,,S1042,1葉文様の装飾の瓢箪、Czikada 《セミヵ》、瓢箪は日本で酒瓶として用いられるが、こうしたものは大規模な祭りにおいて吊るされる,"1 Kürbiß mit Laubwerkverzierungen / Czikada / Der Kürbiß wird in Japan als Weinbehaelter gebraucht und wird dieser bei groeßeren Festen aufgehaengt. ",原田一敏:櫻庭美咲,2014/7:2013/9,勝田徹,,,,,65,kk1,1042,
2799,五大陸博物館,"Museum Fünf Kontinente ",S210b,MFK-S210b,Ⅶ,30,香炉,incense burner,,金工品,,江戸,１９ｃ,,,日本,1,,11.1 ,5.7 ,10.8 ,,6.5 ,6.3 ,,身：鉢形で底を広く作る。肩左右に半截の菊花を座として弦をつける。,青銅,銅鋳造。嵌め底,身：無文。蓋：１１弁の菊花透かし。鋳造だが、透かしは鋳造後切り鏨の跡が残る。,なし,,タグS210(Japan) Kohlenbecken Rauchergefäss,フィリップ・フランツ・フォン・シーボルト,Philipp Franz von Siebold,,,,S210b,2 手を温めるための火鉢,2 Kohlenbecken zum Erwaermen der Haende ,原田一敏:櫻庭美咲,2014/7:2013/9,勝田徹,,,,蓋までの高さ 7.3,66,kk1,210,b
2800,五大陸博物館,"Museum Fünf Kontinente ",S1032c,MFK-S1032c_2,Ⅶ,29,双耳瓶,vase,,金工品,,江戸,１９ｃ,,,日本,1,,,12.0 ,,,2.9 ,4.7 ,,壺形。霊芝耳,青銅,蠟型鋳造。嵌め底。,流水文らしきものが薄肉陽鋳。流水風。処々に木の葉文が交じる。,なし,,タグS1023c（S1032aか？） Wasserkännchen für den Tusch stein,フィリップ・フランツ・フォン・シーボルト,Philipp Franz von Siebold,,,,S1032c_2,5 とても小さい壺、これらは通常家庭の祭壇《仏壇》の前に見られる, 5 ganz kleine Vasen / sie sind gewoehnlich vor den Hausaltaeren zu sehen / ,原田一敏:櫻庭美咲,2014/7:2013/9,勝田徹,,,,全体の文様の印象は水流のように見える。,67,kk1,1032,c_2
2801,五大陸博物館,"Museum Fünf Kontinente ",S1032b,MFK-S1032b,Ⅶ,29,双耳瓶,vase,,金工品,,江戸,１９ｃ,,,日本,1,,,12.0 ,,,2.9 ,5.3 ,,下蕪形。耳霊芝。,青銅,蠟型鋳造。嵌め底。,流水文らしきものが薄肉陽鋳。流水のように見える。その内に如意頭文が交じる。,なし,,,フィリップ・フランツ・フォン・シーボルト,Philipp Franz von Siebold,,,,S1032b,5 とても小さい壺、これらは通常家庭の祭壇《仏壇》の前に見られる, 5 ganz kleine Vasen / sie sind gewoehnlich vor den Hausaltaeren zu sehen / ,原田一敏:櫻庭美咲,2014/7:2013/9,勝田徹,,,,全体の文様の印象は水流のように見える。,67,kk1,1032,b
2802,五大陸博物館,"Museum Fünf Kontinente ",S1032c,MFK-S1032c_1,Ⅶ,29,双耳瓶,vase,,金工品,,江戸,１９ｃ,,,日本,1,,,12.1 ,,,3.0 ,4.8 ,,壺形。,青銅,蠟型鋳造。嵌め底。,流水文らしきものが薄肉陽鋳。全体に流水。如意頭が見られる。,なし,,,フィリップ・フランツ・フォン・シーボルト,Philipp Franz von Siebold,,,,S1032c_1,5 とても小さい壺、これらは通常家庭の祭壇《仏壇》の前に見られる, 5 ganz kleine Vasen / sie sind gewoehnlich vor den Hausaltaeren zu sehen / ,原田一敏:櫻庭美咲,2014/7:2013/9,勝田徹,,,,全体の文様の印象は水流のように見える。,67,kk1,1032,c_1
2803,五大陸博物館,"Museum Fünf Kontinente ",S1032a,MFK-S1032a,Ⅶ,29,双耳瓶,vase,,金工品,,江戸,１９ｃ,,,日本,1,,,11.8 ,,,2.9 ,5.3 ,,下蕪形。耳霊芝。,青銅,蠟型鋳造。嵌め底。,流水文らしきものが薄肉陽鋳。流水のように見える。その内に如意頭文が交じる。,なし,,タグS1032（S1032dについている）(Japan) 4 ganz kleine vasen schlech,フィリップ・フランツ・フォン・シーボルト,Philipp Franz von Siebold,,,,S1032a,5 とても小さい壺、これらは通常家庭の祭壇《仏壇》の前に見られる, 5 ganz kleine Vasen / sie sind gewoehnlich vor den Hausaltaeren zu sehen / ,原田一敏:櫻庭美咲,2014/7:2013/9,勝田徹,,,,全体の文様の印象は水流のように見える。,67,kk1,1032,a
2804,五大陸博物館,"Museum Fünf Kontinente ",S1031a,MFK-S1031a_2,Ⅶ,29,花生（六稜口七宝繋文花生）,vase,,金工品,,清,18-19c,,,中国,1,,,16.2 ,,,4.1 ,5.4 ,,口は六稜形。各稜先と稜間から底へと帯状の棧を渡し、胴の腰上下にも横に棧を作って区画を設ける。,真鍮,嵌め底,各区画内に七宝繋文を薄肉の線で表し、七宝内には卍文を中心に入れる。,,,タグS1031a/b Bronze_vassen (Japan),フィリップ・フランツ・フォン・シーボルト,Philipp Franz von Siebold,,,,S1031a_2,3 より小型の壺,3 kleinere Vasen.,原田一敏:櫻庭美咲,2014/7:2013/9,勝田徹,,,,,68,kk1,1031,a_2
2805,五大陸博物館,"Museum Fünf Kontinente ",S1031b,MFK-S1031b,Ⅶ,29,波涛文中蕪形花生,vase,,金工品,,江戸,１９ｃ,,,日本,1,,,17.5 ,,8.9 ,4.8 ,5.5 ,,,青銅,嵌め底,頸の中央に１条の紐帯。口と紐帯の間は斜格子内に花菱文→ここにたてがみを座とした獅子耳。口の下段から中蕪の肩へと主題不明の文様、雷文がある。中蕪は波涛文、蕪部の上下に幅広の帯を廻らす。脚：波文を青海波風に規則的に表す。,なし,,,フィリップ・フランツ・フォン・シーボルト,Philipp Franz von Siebold,,,,S1031b,3 より小型の壺,3 kleinere Vasen.,原田一敏:櫻庭美咲,2014/7:2013/9,勝田徹,,,,,69,kk1,1031,b
2806,五大陸博物館,"Museum Fünf Kontinente ",S1034,MFK-S1034,Ⅶ,29,双耳壺   ,vase with two handles,,金工品,,江戸,１９ｃ,,,日本,1,,,13.6 ,,,10.1～11.6,8.0 ,,六角口。頸、胴、台脚も六角。,青銅,,頸：蕪葉文。胴：対向する鳳凰文。台脚：波涛文。耳：獅子,なし,,タグS1034(Japan) 6 eckige Vase mit abnehmbare Löwenhenhenkeln Bronze,フィリップ・フランツ・フォン・シーボルト,Philipp Franz von Siebold,,,,S1034,1 獅子の把手を伴う六角のkl.《小型のブロンズヵ》。中国趣味に作られたものらしい,1 sechseckige kl. mit Loewenhenkel. Scheint nach chinesischem Geschmacke gefertigt worden zu sein.,原田一敏:櫻庭美咲,2014/7:2013/9,勝田徹,,,,S1021gと一具,70,kk1,1034,
2807,五大陸博物館,"Museum Fünf Kontinente ",S1054,MFK-S1054,Ⅶ,29,時計,clock,,金工品,,江戸？,,,,,1,7.8 ,11.5 ,14.2 ,17.5 ,,,,,,木と金属,,文字盤の元：花唐草の方切彫と毛彫。菖蒲のように見える。,,,,フィリップ・フランツ・フォン・シーボルト,Philipp Franz von Siebold,,,,S1054,1 江戸にあった日本の小型の置き時計。時間のほか動物の輪《十二支か》や時刻を告げる音を表す,1 japan. kleine Stehuhr von Jedo. Zeigt außer den Stunden das Zeichen des Thierkreises nebst dem Stundenschlag.,原田一敏:櫻庭美咲,2014/7:2013/9,勝田徹,,,,,71,kk1,1054,
2808,五大陸博物館,"Museum Fünf Kontinente ",S608a,MFK-S608a,Ⅶ,29,花瓶,vase,,金工品,,江戸,１９ｃ,,,日本,1,,,12.7 ,,,9.7 ,6.8 ,,亜字形に近い（台脚のくぎりがない）。口はラッパ状に大きく開き、胴から底へは梅瓶状となる。肩に獣と獣足の耳を付ける。,青銅,挽き型に鑞型を併用したものか。嵌め底。,胴の肩に先の尖った如意頭文を廻らす。胴の下と台脚上の波に龍を高肉に鋳出する。,なし,,タグ S608a(Japan) Bronze Blumen Vase,フィリップ・フランツ・フォン・シーボルト,Philipp Franz von Siebold,,,,S608a,2 ブロンズ製小花瓶 ,2 kleine bronzene Blumenvasen ,原田一敏:櫻庭美咲,2014/7:2013/9,勝田徹,,,,,72,kk1,608,a
2809,五大陸博物館,"Museum Fünf Kontinente ",S210a,MFK-S210a,Ⅶ,29,香炉,incense burner,,金工品,,江戸,１９ｃ,,,日本,1,,14.0 ,7.7 ,14.0 ,,10.8 ,9.2 ,,身：肩が少し張った鉢状。口に立ち上がりを設ける。底は扁平内に稿をつける。腰に真鍮鋳造の耳をカラクリ留めしてこの耳に別造の同地金の弦を鋲留めする。鈕：丸形、座表銀菊、裏金銅菊,銅、真鍮,銅鍛造。,蓋：上面に菱格子を透かし、中央に花卉文を残し、毛彫り、蹴彫を施す。,なし,,,フィリップ・フランツ・フォン・シーボルト,Philipp Franz von Siebold,,,,S210a,2 手を温めるための火鉢,2 Kohlenbecken zum Erwaermen der Haende ,原田一敏:櫻庭美咲,2014/7:2013/9,勝田徹,,,,蓋までの高さ 11.0,73,kk1,210,a
2810,五大陸博物館,"Museum Fünf Kontinente ",S1029,MFK-S1029,Ⅶ,29,花瓶,vase,,金工品,,江戸,１９ｃ,,,日本,1,,,13.5 ,,,12.2 ,7.3 ,,大きくラッパ状に開いた頸部を表裏に柱で区画し、雷文地に松樹下唐人物を陽鋳で表す。耳に獅子をフックをかけるように配すが、作風が異なり、当初からのものとは思われない。,青銅,挽き型と鑞型併用。,胴は雷文地に8～9弁花の花枝を陽鋳。,なし,,,フィリップ・フランツ・フォン・シーボルト,Philipp Franz von Siebold,,,,S1029,2 龍の頭 が付いた小型の花瓶,2 kleine Blumenvasen mit Drachenkoepfen ,原田一敏:櫻庭美咲,2014/7:2013/9,勝田徹,,,,,74,kk1,1029,
2811,五大陸博物館,"Museum Fünf Kontinente ",S894a,MFK-S894a,Ⅶ,29,五鈷鈴,five-pronged vajra bell,,金工品,,東南アジア,？,,,東南アジア,1,,7.5 ,19.9 ,,,,,,鈷部：中鈷は細く先で尖り、腰に節を作る。脇鈷は腰辺に嘴形を作り、基部に左右から蔓を巻き込んだ葵葉形を表す。把部：間弁付八葉蓮弁、十字の紐帯、丸形を二段に重ねる。鈴身部：最上段に把を受ける鍔を作る。その下は六葉蓮弁の受花と返り花。鈴身は中程から下に１条の紐を巡らし、そこに瓔珞を垂らす。口縁は丸く盛り上げる。,青銅,銅鋳造。鈴身部：鈷、把部は共造、鈴身は別造。,,,,,フィリップ・フランツ・フォン・シーボルト,Philipp Franz von Siebold,,,,S894a,2 僧侶の鈴,2 Priesterschellen ,原田一敏:櫻庭美咲,2014/7:2013/9,勝田徹,,,,インドネシア～タイなど東南アジアのもの,75,kk1,894,a
2812,五大陸博物館,"Museum Fünf Kontinente ",S1033,MFK-S1033,Ⅶ,29,花瓶,vase,,金工品,,江戸,１９ｃ,,,日本,1,,12.2 ,11.6 ,,,7.9～11.1,5.0～8.0,,方觚形。口は大きく開き角に竹節状の稜飾を付ける。胴：各面丸味をつけて中央に牡丹円文、花菱円文を表裏２個づつ陽鋳で表す。各角に竹節形の稜飾り。台脚：中程に稿付の紐帯を廻らす。その下の段に稜飾りを各角に付ける。,青銅,銅鋳造、鍍金。,,頸の１面に（墨書）「二十七」,,,フィリップ・フランツ・フォン・シーボルト,Philipp Franz von Siebold,,,,S1033,1 旧蔵者の家紋を表した明るい色のブロンズ、製作年代は新しい,1 von heller Bronze mit den Wappen des früheren Eigenthümers versehen / stammt aus neuerer Zeit /,原田一敏:櫻庭美咲,2014/7:2013/9,勝田徹,,,,,76,kk1,1033,
2813,五大陸博物館,"Museum Fünf Kontinente ",S1020,MFK-S1020,Ⅶ,28,鶏香炉,vase,,金工品,,江戸,１９ｃ,,,日本,1,8.0 ,14.5 ,16.0 ,,,,,,胴と頸が分離する。胴本体、翼、尾羽、足は別造りで鋲留め。但し足は胴に差し込んでカラクリ留め。舌が上下に動く。舌の先を丸くして棒に巻く。,鉄、素銅,羽根１枚１枚毛彫り。銀鍍金を施す。頸の羽根は鉄。とさか、顔、肉垂れは素銅。目は赤銅。耳に四分一。嘴四分一。,,,,,フィリップ・フランツ・フォン・シーボルト,Philipp Franz von Siebold,,,,S1020,5 [S. 64] 香炉として用いられる動物の表現,5 Darstellungen von Thieren die [S. 64] als Rauchfaesser gebraucht werden.,原田一敏:櫻庭美咲,2014/7:2013/9,勝田徹,,,,,77,kk1,1020,
2814,五大陸博物館,"Museum Fünf Kontinente ",S1016,MFK-S1016,Ⅶ,28,寿老人,figure of Jurojin,,金工品,,江戸,１９ｃ,,,日本,1,13.2 ,16.7 ,24.0 ,,,,,,岩座に右上を地につけ、左足をひざに置く人物。頭は丈長で長いひげを有し、衣を左右で胸前で合わせて紐で結ぶ。靴の先に華形を付ける。向かって右、右足下に鶴、左足下に亀、岩の右に鹿を人物の割合に比べて小さく配す。,青銅,蠟型鋳造。鶴、亀、鹿は一鋳（共造り）,,なし,,,フィリップ・フランツ・フォン・シーボルト,Philipp Franz von Siebold,,,,S1016,1 背景に偶像。非常に由来が古く非常に興味深い。恐らく日本製ではなく、中国から将来されたものかもしれない。福および富裕 の神の非常に古い形式である。この偶像は商人の間で大変崇拝され床にこれが置かれている場合が多い、それはすなわち客間の上座を意味する。その左側はEho《恵方》である,1 Goetze im Hintergrund. Ist sehr alter Abkunft und sehr interessant ist wahrscheinlich nicht japan. Werk und dürfte von China herübergebracht worden sein. Es ist eine sehr alte Form des Gottes des Reichthums und der Wohlhabenheit. Dieser Goetze ist von Kaufleuten sehr geehrt und findet gewoehnlich seinen Platz auf dem Joko d.i. der Ehrenplatz im Ehrenzimmer. Links von ihm ist Eho.,原田一敏:櫻庭美咲,2014/7:2013/9,勝田徹,,,,,78,kk1,1016,
2815,五大陸博物館,"Museum Fünf Kontinente ",S1014,MFK-S1014,Ⅶ,28,竜文鎮 あるいは 竜筆架,paper weight,,金工品,,江戸,万延2年（１８６１）,,,日本,1,11.4 ,18.5 ,7.4 ,,,,,,顔を上に向け、口を大きく開く龍。足と爪が大きい。,青銅,,,右前足下に「大日本国万延辛酉年●●上」、左後足下に「直道斎（花押）」 小幡道斉の作か,,,フィリップ・フランツ・フォン・シーボルト,Philipp Franz von Siebold,,,,S1014,前景にはKio がいるがこれは激怒した龍を表している。帝又は聖職者としての皇帝の衣服に龍を刺繍で表すのは一般的である,"Im Vordergrund ist ein Kio und stellt den Drachen in Wuth vor. Gewoehnlich werden die Kleider des Mikado oder geistlichen Kaisers damit gestickt. ",原田一敏:櫻庭美咲,2014/7:2013/9,勝田徹,,,,万延辛酉＝万延２年（1861）,79,kk1,1014,
2816,五大陸博物館,"Museum Fünf Kontinente ",S1010b,MFK-S1010b,Ⅶ,28,騎牛唐人物香炉,incense burner,,金工品,,江戸,１９ｃ,,,日本,1,6.8 ,16.0 ,15.2 ,,,,,,牛の背が開き、火炉となる。右手に霊芝を執り、頭巾をなびかせる人物。背に３つの孔を開け、煙出とする。,青銅,牛の斑文は素銅の平象嵌。,,なし,,,フィリップ・フランツ・フォン・シーボルト,Philipp Franz von Siebold,,,,S1010b,3 鹿と水牛に乗った人物。それは彼の崇敬の念により崇拝された 中国の隠遁者である,3 Figuren auf Hirschen und Büffeln reitend. Es sind chinesische Einsiedler durch ihr Pietaet vergoettert. ,原田一敏:櫻庭美咲,2014/7:2013/9,勝田徹,,,,,80,kk1,1010,b
2817,五大陸博物館,"Museum Fünf Kontinente ",S1009b,MFK-S1009b,Ⅶ,28,騎驢李白香炉,incense burner,,金工品,,江戸,１９ｃ,,,日本,1,6.0 ,19.2 ,19.4 ,,,,,,鞍の下が火炉となる。人物の衣を左右二つに大きくえぐって分け、騎乗する。足は鐙にのせる。,青銅,,,なし,,,フィリップ・フランツ・フォン・シーボルト,Philipp Franz von Siebold,,,,S1009b,2 小型の緑のブロンズ製品、および神話の創造物の複製。右側には有名な中国の皇帝、 Kanvo 《関羽ヵ》と馬。この皇帝は紀元前1世紀に生存し国を支配し、戦時においては勇敢さにより、平和な時代には知恵によって際立っていた。 これに対をなすのは ロバにまたがる姿に表された中国の哲学者Tobaである。そこで彼はロバを歩ませながらその名高い詩と書を著した,2 kleine grüne Broncen ebenfalls Copieen [W Copien] des mÿthischen Geschoepfes. Auf der rechten Seite ist der berühmte chinesische Kaiser / Kanvo / zu Pferde. Dieser Kaiser der im ersten Jahrhundert vor Christus lebte und regierte zeichnete sich im Kriege durch Tapferkeit und im Frieden durch Weisheit aus. Das Pendant hievon ist der chinesische Philosoph Toba auf einem Esel reitend dargestellt da er seine berühmten Gedichte und Schriften reitend auf seinem Esel verfasst hat.,原田一敏:櫻庭美咲,2014/7:2013/9,勝田徹,,,,驢の後右足下および左耳欠損。二股の衣、鐙はS1009関羽と作り方がよく似る。,81,kk1,1009,b
2818,五大陸博物館,"Museum Fünf Kontinente ",S192a,MFK-S192a,Ⅶ,28,亀文鎮,paper weight,,金工品,,江戸,１９ｃ,,,日本,1,6.0 ,11.5 ,3.9 ,,,,,,,青銅,蠟型。裏の亀甲は線刻で表す。,,なし,,,フィリップ・フランツ・フォン・シーボルト,Philipp Franz von Siebold,,,,S192a,6 紙押しとしての亀,6 Schildkröten als Preßpapier ,原田一敏:櫻庭美咲,2014/7:2013/9,勝田徹,,,,,82,kk1,192,a
2819,五大陸博物館,"Museum Fünf Kontinente ",S192d,MFK-S192d,Ⅶ,28,亀文鎮,paper weight,,金工品,,江戸,１９ｃ,,,日本,1,4.0 ,6.8 ,2.2 ,,,,,,小形の親子亀,青銅,表の甲羅の亀甲文は蠟型で表す。腹側は線刻,,なし,,,フィリップ・フランツ・フォン・シーボルト,Philipp Franz von Siebold,,,,S192d,6 紙押しとしての亀,6 Schildkröten als Preßpapier ,原田一敏:櫻庭美咲,2014/7:2013/9,勝田徹,,,,,82,kk1,192,d
2820,五大陸博物館,"Museum Fünf Kontinente ",S194a,MFK-S194a,Ⅶ,28,魚文鎮,paper weight,,金工品,,江戸,１９ｃ,,,日本,1,,9.0 ,3.5 ,,,,,,玉を喰える鯉,青銅,蠟型鋳造。鱗、ひれ、尾に銀の線象嵌。,,,,,フィリップ・フランツ・フォン・シーボルト,Philipp Franz von Siebold,,,,S194a,2押絵貼りの魚,2 Fische als Preßpapier ,原田一敏:櫻庭美咲,2014/7:2013/9,勝田徹,,,,,83,kk1,194,a
2821,五大陸博物館,"Museum Fünf Kontinente ",S194b,MFK-S194b,Ⅶ,28,魚文鎮,paper weight,,金工品,,江戸,１９ｃ,,,日本,1,,9.4 ,3.2 ,,,,,,玉を喰える鯉,青銅,蠟型鋳造。鱗、ひれ、尾に銀の線象嵌。,,,,,フィリップ・フランツ・フォン・シーボルト,Philipp Franz von Siebold,,,,S194b,2押絵貼りの魚,2 Fische als Preßpapier ,原田一敏:櫻庭美咲,2014/7:2013/9,勝田徹,,,,,83,kk1,194,b
2822,五大陸博物館,"Museum Fünf Kontinente ",S848,MFK-S848,Ⅶ,27,菊花透薫炉（菊花透薫球）,incense burner,,金工品,,江戸,１９ｃ,,,日本,1,,,,,13.5 ,,,,球形。下半球３本の転輪。中央の火炉は球形。蓋は菊花透。,銅、鍍金,,菊花文を陰陽透かし、その間に葉唐草を透かす。葉に毛彫り。,,,,フィリップ・フランツ・フォン・シーボルト,Philipp Franz von Siebold,,,,S848,1帝の家紋を伴う透し彫りの金工の球形香炉,1 Raecherkugel von durchbrochenem Metall mit dem Wappen des Mikado ,原田一敏:櫻庭美咲,2014/7:2013/9,勝田徹:櫻庭美咲,,,,江戸のもので出来はよい,84,kk1,848,
2823,五大陸博物館,"Museum Fünf Kontinente ",S893a,MFK-S893a,Ⅶ,27,風鐸,wind-bell,,金工品,,江戸,１９ｃ,,,日本,1,,20.6 ,19.6 ,,,20.0 ,,,円筒形。裾を大きく外反する。裾は先花形の四弁花に作り、弁間に猪目を透かす。中程に１条の紐帯を巡らし、肩から上は２条の縦帯で４つに区画して各間に３段３列の乳を突起する。乳の間に長方形の孔を開ける。笠形はやや急な笠状。頂に山形の龍頭。,青銅,,胴に雲文を薄肉陽鋳。,,,,フィリップ・フランツ・フォン・シーボルト,Philipp Franz von Siebold,,,,S893a,3 寺梵鐘 [速記記号],3 Tempelglocken [Steno],原田一敏:櫻庭美咲,2014/7:2013/9,勝田徹,,,,,85,kk1,893,a
2824,五大陸博物館,"Museum Fünf Kontinente ",S851,MFK-S851,Ⅶ,27,雲鶴文釣香炉,hanging insense burner,,金工品,,江戸,１９ｃ,,,日本,1,,19.0 ,18.4 ,,,,,,半球の合わせ目は下半球に菊花様の刻みを一周入れた帯状金具を鑞付し、上半のゴザ目とかみ合わせる。帯状金具の３箇所に銅棒を内側に差し込みその先に飯たき釜様の火炉を鑞付。帯状の棒先に菊花刻の鐶を付け、紫の紐を通して懸吊用の紐とする。火炉は動かない。,銅、黒煮色,銅の鋳造。黒色部分は煮色仕上げ。内側金箔押し。上半球：鶴は銀鍍金と金鍍金。,上半球：三羽の鶴とその間に雲文を毛彫りで表す。雲文を３つ透彫とする。合わせ目にゴザ目もような刻みをいれる。下半球：上半同様の鶴と雲文。但し透かしは無し。,,,,フィリップ・フランツ・フォン・シーボルト,Philipp Franz von Siebold,,,,S851,1 釣球形香炉,1 haengende Raeucherkugel ,原田一敏:櫻庭美咲,2014/7:2013/9,勝田徹,,,,,86,kk1,851,
2825,五大陸博物館,"Museum Fünf Kontinente ",S620,MFK-S620,Ⅶ,25,木製筒形容器（供物入れ？）,container,,金工品,,江戸,１９ｃ,,,日本,1,,75.7 ,9.2 ,,9.4 ,,,,左右を閉じた形は両側か楕円を４分の１に切った形。円筒の真中に鍵を設けてもう片側の鐶に押して留める。開いた内側は両側が宝珠、円筒部が半球形７個に深く彫り、全体に朱塗りとする。合わせると２個の宝珠、７個の球形の空間ができる。両側は合わせた時宝珠形が外に出る。,木,木製全体を朱塗り。文様部のみ金箔押し。,両側は無文。円筒は左右とも中心に牡丹花、それを巡って葉唐草を彫り出す。→鎌倉彫と同趣。片側の彫は枝の線が細く枝先も尖り葉もわかりにくい。もう片側は枝の線が太く空間も広い。葉の形もよく分かる。→左右で手が違うか。,,,,フィリップ・フランツ・フォン・シーボルト,Philipp Franz von Siebold,,,,S620,1 香を保管するための金塗りの長い容れ物,1 vergoldete lange Dose zum Aufbewahren des Weihrauchs,原田一敏:櫻庭美咲,2014/7:2013/9,勝田徹:櫻庭美咲,,,5.3（開時の高さ）,用途は不明→要調,87,kk1,620,
2826,五大陸博物館,"Museum Fünf Kontinente ",S961,MFK-S961,Ⅶ,25,懸守,talisman,,金工品,,江戸,１９ｃ,,,日本,1,,44.0 ,11.5 ,,,,,,木製円筒形。表面は紅地宝尽文錦を貼る。横に巾広の帯状の金具を３条渡して鋲留め。中心に葵形の大金具を帯金具の位置にそれぞれ配してその間を細くして一周させる。両側に中心部と同様でそれを半截した金具を一周させて鋲留めする。この両側金具の上に蓋を被せる。蓋は円形で浅く甲盛りがあり、中心に伏鋺形の鐶付に円環をつける。,金属、布、木,筒内は全面金箔押し。,金具の文様は六角の中に三つ葉葵紋を中心として松竹鶴亀を蹴彫で表し地は魚々子とする。,なし,,,フィリップ・フランツ・フォン・シーボルト,Philipp Franz von Siebold,,,,S961,1 子供の名前を祝福のために中に納められた大君の家紋が表された容器,1 Büchse mit dem Wappen des Taikun worin sich die Namen der Kinder der [W zur] Einsegnung befinden.,原田一敏:櫻庭美咲,2014/7:2013/9,勝田徹,,,,鏡台の不使用時にかけておく懸守,88,kk1,961,
2827,五大陸博物館,"Museum Fünf Kontinente ",S963b,MFK-S963b,Ⅶ,25,長柄銚子,sake pot,,金工品,,江戸,１９ｃ,,,日本,1,27.6 ,47.5 ,12.5 ,,,16.0 ,13.0 ,,本体の銚子は円筒形。長柄：全体の中心部で二重。重ね合わせは両柄の端に巻金具（２個）その間に笠鋲を打ってカラクリ留め。長柄の先端は柄香炉のように折り曲げて地付きに五弁花形の座金を作り（波涛文蹴彫）そこに方形の受け金具を立ち上げて、柄先を挿しこむ。,銅,銅鍛造、鍍金。本体の銚子は両注ぎ口鑞付。,本体：側面に松竹鶴亀を蹴彫し地に魚々子を蒔く。底裏は大きく牡丹花蹴彫。注ぎ口下は点線彫による唐草文。柄：上の文様は八双形を線刻して松竹文を毛彫、蹴彫→本体の彫よりも彫下手,なし,,,フィリップ・フランツ・フォン・シーボルト,Philipp Franz von Siebold,,,,S963b,2 婚礼の日に花婿と花嫁が米のビールを飲むための金塗りの酒の水注。一つは花嫁のため、ひとつは花婿のために蝶と呼ばれる。,2 vergoldete Sackikannen worin das Reisbier von Braut und Bräutigam am Hochzeitstage getrunken wird. Eine für den Bräutigam und eine für die Braut werden Schmetterlinge genannt.,原田一敏:櫻庭美咲,2014/7:2013/9,勝田徹:原田一敏,,,,,89,kk1,963,b
2828,五大陸博物館,"Museum Fünf Kontinente ",S963a,MFK-S963a,Ⅶ,25,提子,sake pot,,金工品,,江戸,１９ｃ,,,日本,1,,23.8 ,11.4 ,21.5 ,,15.4 ,13.4 ,,円筒形。注口側の弦付金具は琴柱形の上に花先形をつけた形。後側の弦付金具は下膨れ瓶形の上に花先形を付けた形。瓶形部に鶴丸文を蹴彫。魚々子を蒔く。,銅,銅鍛造、鍍金。注口を鑞付する。,側面全面に松竹鶴亀を蹴彫、毛彫で表す。地は魚々子を蒔く。底裏は大きく牡丹花を蹴彫。注口側金具：牡丹文、唐草文を蹴彫。弦の上面に八双形を彫り、その内に松竹文を蹴彫。地は魚々子。,,,,フィリップ・フランツ・フォン・シーボルト,Philipp Franz von Siebold,,,,S963a,2 婚礼の日に花婿と花嫁が米のビールを飲むための金塗りの酒の水注。一つは花嫁のため、ひとつは花婿のために蝶と呼ばれる。,2 vergoldete Sackikannen worin das Reisbier von Braut und Bräutigam am Hochzeitstage getrunken wird. Eine für den Bräutigam und eine für die Braut werden Schmetterlinge genannt.,原田一敏:櫻庭美咲,2014/7:2013/9,勝田徹:櫻庭美咲,,,,,90,kk1,963,a
2829,五大陸博物館,"Museum Fünf Kontinente ",S1015a,MFK-S1015a,Ⅶ,25,鳳凰（牡）,ornament with Chinese phoenix,,金工品,,江戸,１９ｃ,,,日本,1,19.2 ,35.3 ,18.3 ,,,,19.2×28.2,,鳥と岩座は別造。鳥の爪下にほぞを作り岩座孔に挿しこむ。鳥の背に羽根１０枚分（蓋）の孔を開けて香炉としている。岩座：手前側に水流、蟹。岩の前方に笹、笹の葉の間にも尖った銅釘状→燭立か。,銅,銅鋳造。鳥は箔鍍金。笹の葉、岩、蟹の一部に鍍金。,鳥の羽根一枚一枚に蹴彫を加える。,なし,,胴の中に入る田金白鳥の紙片,フィリップ・フランツ・フォン・シーボルト,Philipp Franz von Siebold,,,,S1015a,2麒麟と呼ばれる金塗りの鳥、小さい男と女。それらは空想上の鳥である。それらの出現は幸運を意味するという,2 vergoldete Voegel Kirin genannt Maennchen und Weibchen. Es sind Fabelvoegel. Ihr Erscheinen soll Glück bedeutend sein. ,原田一敏:櫻庭美咲,2014/7:2013/9,勝田徹,,,,鳳凰の雌か？,91,kk1,1015,a
2830,五大陸博物館,"Museum Fünf Kontinente ",S1015,MFK-S1015,Ⅶ,25,鳳凰（雌）,ornament with Chinese phoenix,,金工品,,江戸,１９ｃ,,,日本,1,17.0 ,19.5 ,26.0 ,,,,,,足は樹と一鋳。そこに鳥のもも下に枘を出して差し込む。桐葉の先端に蝋燭立と思われる先の尖った枝を突起させる。鳥は鶏冠の形や喉からの羽根より鳳凰に見える。鳥の背（羽根７枚分）が取り外しが出来、胴体に空洞があるところから香炉としたものと見られる。,銅,銅鋳造。鳥と桐樹の切り口、桐葉の一部に鍍金（箔鍍金）。,鳥の羽根一枚一枚に蹴彫、毛羽根に鋤彫を』入れる。桐葉、株の切り口には毛彫と鋤彫。,なし,,,フィリップ・フランツ・フォン・シーボルト,Philipp Franz von Siebold,,,,S1015,2麒麟と呼ばれる金塗りの鳥、小さい男と女。それらは空想上の鳥である。それらの出現は幸運を意味するという,2 vergoldete Voegel Kirin genannt Maennchen und Weibchen. Es sind Fabelvoegel. Ihr Erscheinen soll Glück bedeutend sein. ,原田一敏:櫻庭美咲,2014/7:2013/9,勝田徹,,,,,92,kk1,1015,
2831,五大陸博物館,"Museum Fünf Kontinente ",S218a,MFK-S218a,Ⅴ,25,急須,tea pot,,金工品,,江戸,１９ｃ,,,日本,1,,,,13.7 ,9.9 ,7.1 ,,,胴丸形,錫,錫鍛造。上縁と下半黒、他は緋色に色上げ、内側は白銀色を呈す。弦に藤を巻く,蓋の表に六法松毛彫、胴上方に瓔珞状の文様を六個めぐらし、中央に松文を裏から浅く打ち出す,,,,フィリップ・フランツ・フォン・シーボルト,Philipp Franz von Siebold,,,,S218a,2 急須,2 Theekannen ,原田一敏,2014/7,,,,,,1,kk2,218,a
2832,五大陸博物館,"Museum Fünf Kontinente ",S218b,MFK-S218b_kk,Ⅴ,25,急須,tea pot,,金工品,,江戸,１９ｃ,,,日本,1,,,,14.2 ,9.3 ,6.7 ,,,円筒形,錫,錫鍛造。上縁と下半黒、他は緋色に色上げ、内側は白銀色を呈す。弦に藤を巻く,文様なし,,,,フィリップ・フランツ・フォン・シーボルト,Philipp Franz von Siebold,,,,S218b_kk,2 急須,2 Theekannen ,原田一敏:櫻庭美咲,2014/7:2011/6,櫻庭美咲,,,,,1,kk2,218,b
2833,五大陸博物館,"Museum Fünf Kontinente ",S893b,MFK-S893b,Ⅶ,27,喚鐘,handbell,,金工品,,江戸,１９ｃ,,,日本,1,,,,23.8,,17.7,,1.1_1.3,笠形は低めで段を作らない。駒の爪は波状に凹凸を付ける。龍頭と同方向の位置に輪宝文の撞座。龍頭の頭に宝珠。,青銅,銅鋳造,鐘身の上部と腰に2条1組の横帯をめぐらす。上帯と笠の間に不等間隔に乳を16個配す。池の間四方に瓔珞状の文様を表す。先端は花先形で獣面をデフォルメしたもの、空間部分に雷文、鋸歯文を表す。駒の爪と下帯の間は１０弁の花文を中心に上方に花弁、下に山岳風な文様を凸線で表す。,,,,フィリップ・フランツ・フォン・シーボルト,Philipp Franz von Siebold,,,,S893b,3 寺梵鐘 [速記記号],3 Tempelglocken [Steno],原田一敏,2014/7,原田一敏,,,,もう一つのよりは良い出来,2,kk2,893,b
2834,五大陸博物館,"Museum Fünf Kontinente ",S211a,MFK-S211a_kk,Ⅶ,32,茶入,tea container,,金工品,,江戸,１９ｃ,,,日本,1,,,8.1 ,,5.8 ,,3.1 ,,茄子茶入れの形だが、鐶付、高台を有すのは茶入れにはない（玩具だからか？）。鐶付は竹、割鋲を折り曲げて内で固定。,銅,銅鍛造、鍍金。蹴彫。口、高台は別造りで口ははめ込み、高台は鑞付。,香筋建、扇、仕覆、箸、羽掃、菊を生けた竹花入れを蹴彫で表す。蓋は炭箸、鐶、炭籠を蹴彫。,,,,フィリップ・フランツ・フォン・シーボルト,Philipp Franz von Siebold,,,,S211a_kk,2 小型で銀鍍金を施した調理器具類,2 kleine versilberte Kochgeraethschaften ,原田一敏:澤田和人,2014/7:2014/3,勝田徹:澤田和人,,,,S211bの釜切合風呂とセット,3,kk2,211,a
2835,五大陸博物館,"Museum Fünf Kontinente ",S211b,MFK-S211b_kk,Ⅶ,32,小形風炉・切合釜,wind furnance,,金工品,,江戸,１９ｃ,,,日本,1,,,7.1,11.1,,7.2,,,釜、切合丸釜、蓋、釜共造りで底を備えないところから玩具か雛道具か。風炉内側に槌目跡が良く残る。口は別造ではめ込む。,銅,銅鍛造（釜、風炉とも）、鍍金。蹴彫。,釜に葵文を蹴彫。釜の胴に墨籠、箸置、茶入、茶杓、茶筅、碗、香鋏を細い蹴彫。鐶付は竹文。風炉：火口透かさず蹴彫。側面に茶臼、釜敷、台子、羽掃を蹴彫。,,,,フィリップ・フランツ・フォン・シーボルト,Philipp Franz von Siebold,,,,S211b_kk,2 小型で銀鍍金を施した調理器具類,2 kleine versilberte Kochgeraethschaften ,原田一敏:澤田和人,2014/7:2014/3,勝田徹:澤田和人,,,,S211aの茶入れとセット,4,kk2,211,b
2836,五大陸博物館,"Museum Fünf Kontinente ",S597a,MFK-S597a_kk,Ⅵ,28,花瓶,vase,,金工品,,江戸,１９ｃ,,,日本,1,,,20.8 ,,,14.5 ,,,亜字形。頸に龍文を廻す。,青銅,一部鍍金、鋳造。縁に鍍金を廻らす→鼎香炉と同じ。,胴に松樹に鷹、一部鍍金。脚上に蓮弁、一葉ごとに鍍金。葉脈を入れる。,底に「易貞」,,,フィリップ・フランツ・フォン・シーボルト,Philipp Franz von Siebold,,,,S597a_kk,2 仏具の壺,2 Altarvasen,原田一敏:澤田和人,2014/7:2010/10,勝田徹,,,,本来は一対だが現在は１点のみ（一つはﾌﾗﾝｸﾌﾙﾄのオークションで売却）。５具足の瓶の一つ。,5,kk2,597,a
2837,五大陸博物館,"Museum Fünf Kontinente ",S206b,MFK-S206b,Ⅴ,25,酒注,sake pot,,金工品,,江戸,１９ｃ,,,日本,1,,,17.4,,12.4,,,,肩衝の壺形。肩に注口、蓋を鎖で付ける。肩上の平地に鐶台（銅製）を鑞付して２本の平たい釣手（銅）をつける。釣手左右に分かれて本体に当たる所に鍍金鋲を打つ。蓋は落とし込み蓋。,錫,鋳造。嵌め底。注口は別造鑞付。,,底に墨書「才庫   土の山水」,,,フィリップ・フランツ・フォン・シーボルト,Philipp Franz von Siebold,,,,S206b,2 酒を燗にする亜鉛製水注,2 Kannen von Zink zum Wärmen des Weins ,原田一敏,2014/7,原田一敏,,,,,6,kk2,206,b
2838,五大陸博物館,"Museum Fünf Kontinente ",S771f,MFK-S771f_1_kk,Ⅲ,26,觚,cup,,金工品,,清,１８－１９ｃ,,,中国,1,,,27.1,,9.2,14.3,,,口はラッパ状に大きく広がり、胴は蕪形で丸く、台脚は下に広がる。胴と台脚の四方に４条の稜飾りをつける。頸に外周を雷文繋として蕪葉形を４単位表す。頸と胴の間、２条の肉厚の紐帯。,青銅,,胴には雷文地にデフォルメした龍を薄肉陽鋳。台脚は稿飾りを中心として眉を有す人面様を陽鋳。,,,,フィリップ・フランツ・フォン・シーボルト,Philipp Franz von Siebold,,,,S771f_1_kk,8 大小の壺,8 groeßere und kleinere Vasen ,原田一敏:澤田和人,2014/7:2014/3,勝田徹:原田一敏,,,,,7,kk2,771,f_1
2839,五大陸博物館,"Museum Fünf Kontinente ",S1030,MFK-S1030_kk,Ⅲ,26,觚,cup,,金工品,,清,18-19ｃ,,,中国,1,,12.2,37.2,,13.2,20.3,,,口はラッパ状に大きく広がる。胴は蕪形で丸く、上下に段を作る。台脚は裾広がりで地付に鍔を作り出し、その上に立ち上がりをやや高くする。,青銅,底は嵌め底。,頸に刻を入れた帯で六区に区画して各区に上から３単位の文様（内容不明）を薄肉に表し、地は雷文繋とする。その上から口へと蕪葉文。胴は４つの稜飾りをつけて区画し、雷文地に人物の顔を陽鋳。地に雷文繋。台脚は４つの稜飾り、区画内各面に波に雲文。,線刻銘「蘇氏奉先重器」,,,フィリップ・フランツ・フォン・シーボルト,Philipp Franz von Siebold,,,,S1030_kk,2 把手のない壺,2 Vasen ohne Henkel.,原田一敏:澤田和人,2014/7:2014/3,勝田徹:原田一敏,,,,,8,kk2,1030,
2840,五大陸博物館,"Museum Fünf Kontinente ",S1030a,MFK-S1030a_kk,Ⅲ,26,四方広口花生,vase,,金工品,,清,18-19ｃ,,,中国,1,,,26.5,,,,,,口方形、各角からゆるやかな曲線を描いて台脚に至り腰で最もすぼまる。,青銅,,各面、蕪葉形の枠を作って、内に雷文と線条文を地文様として、垂飾のような一連の文様を太い陽鋳線で表す。,,,,フィリップ・フランツ・フォン・シーボルト,Philipp Franz von Siebold,,,,S1030a_kk,2 把手のない壺,2 Vasen ohne Henkel.,原田一敏:澤田和人,2014/7:2014/3,勝田徹,,,底径一辺長 8.2、一辺長 15.8,,9,kk2,1030,a
2841,五大陸博物館,"Museum Fünf Kontinente ",S616,MFK-S616_kk,Ⅲ,26,騎麒麟唐人物置物,ornament,,金工品,,清,18-19ｃ,,,中国,1,34.1,12.1,,55.3,,,,,木製の霊芝の生えた岩座に右方に桃樹を岩座に付けた釘に差し込む。麒麟：足を折り曲げて伏せる形。頸を反転し、顔は振り向く。口を少し開き牙を見せる。麒麟の角、尾は別造で尾については方形の枘を挿しこんでいる。底面を作らず空洞。人物：冠をかぶる。目を吊り上げ、もみあげ、あごひげを３条に長く垂れ下げる。冠の後ろから条帛を長く垂らし、右手の１指と２指の間を通す。向かって右の条帛は腰に垂らす。左手に桃の身を５本の指で握る。腰から下は前後の間に大きく空間を作り、そこに麒麟の背をまたぐようにする。,青銅,蠟型鋳造,麒麟：頸、腿、背に鱗文を毛彫りする。,,,,フィリップ・フランツ・フォン・シーボルト,Philipp Franz von Siebold,,,,S616_kk,1 黒檀を伴う黒い中国製ブロンズ像,1 Figur in schwarzer chines. Bronze mit Ebenholz,原田一敏:澤田和人,2014/7:2014/3,勝田徹,,,麒麟と人物部分の高さ 23.3,,10,kk2,616,
2842,五大陸博物館,"Museum Fünf Kontinente ",S229,MFK-S229,Ⅶ,30,仏供器,bowl for offering,,金工品,,江戸,１９ｃ,,,日本,1,,,,7.0 ,,7.5,,,鋺は六器。厚手で玉縁を作り、端反りから底へとおとやかな曲線を描く。高台少し外反。台脚：２重の框座、上下共に雷文を表す。脚は象、鼻が足となる。,,,,,,,フィリップ・フランツ・フォン・シーボルト,Philipp Franz von Siebold,,,,S229,1 小型のs 金属容れ物,1 kleines Metallgefaeß ,原田一敏,2014/7,勝田徹,,,六器高さ 4.5、台脚高さ 4.6,六器を転用して仏供に。,11,kk2,229,
2843,五大陸博物館,"Museum Fünf Kontinente ",S1040,MFK-S1040_kk,Ⅵ,28,方壷,vase,,金工品,,清,1８-19ｃ,,,中国,1,,,25.8,,7.3,5.3,,,方壺形。口は四角。頸は長く胴は高台近くで最大巾となる。外反の高台付底は嵌め底。一角の獣耳付。頸中央に３区に分け上区は流水に蛇文、中区は獣面、下区は雷文繋。,青銅,,胴の腰に表裏は獣面、左右は半分の獣面,,,,フィリップ・フランツ・フォン・シーボルト,Philipp Franz von Siebold,,,,S1040_kk,2中国の様式 の獅子を伴う小型の壺,2 kleine Vasen mit Loewen im chinesischen Stÿle ,原田一敏:澤田和人,2014/7:2010/10,勝田徹,,,,,12,kk2,1040,
2844,五大陸博物館,"Museum Fünf Kontinente ",S1031a,MFK-S1031a_1_kk,Ⅵ,28,丸口六角管耳花生,vase,,金工品,,清,18-19ｃ,,,中国,1,,,22.1,,12.8,8.7,,,頸長く口は大きく外反する。胴は2段からなり、上段は六角、下段は角を丸くした六角形。外開きの低めの高台をつける。,青銅,嵌め底。,頸は三段に区切り、上段獣文、中段花卉文、下段は花枝文で間地は雷文繋。胴の上段時計回りに兎、虎、牛、ねずみ、蛇、龍、間地は雷文。下段は木瓜形の窓を作り、犬、鶏、猿、羊、馬、猪。,,,,フィリップ・フランツ・フォン・シーボルト,Philipp Franz von Siebold,,,,S1031a_1_kk,3 より小型の壺,3 kleinere Vasen.,原田一敏:澤田和人,2014/7:2010/10,勝田徹:原田泰,,,,,13,kk2,1031,a_1
2845,五大陸博物館,"Museum Fünf Kontinente ",S1026a,MFK-S1026a_kk,Ⅵ,28,広口壷,jar,,金工品,,江戸,１９ｃ,,,日本,1,,,,16.7,,18.9,,,円筒形、口に鍔を作り出す。裾を一段窪ませて、そこに４個の銅釘を打って最下の木枠と留める。最上段の文様部（七宝繋のところ）にキノコ形のたてがみを有す獣面の耳を付す。,青銅,銅鋳造。内に漆喰と思われる土を1ｃｍほどの厚さに塗る。,側面は３段に分け、上段七宝繋文、中段幾何学文、間地に雷文、下段は内にはあ文を入れた亀甲繋文。,,,,フィリップ・フランツ・フォン・シーボルト,Philipp Franz von Siebold,,,,S1026a_kk,3 火鉢, 3 Kohlenbecken.,原田一敏:澤田和人,2014/7:2010/10,勝田徹:澤田和人,,,,,14,kk2,1026,a
2846,五大陸博物館,"Museum Fünf Kontinente ",S1039a,MFK-S1039a_kk,Ⅵ,28,花瓶,vase,,金工品,,江戸,１９ｃ,,,日本,1,,,23.2,,9.9,5.6,7.5,,砧形。頸は長く胴から口へと少し巾を広げる。龍耳を挿しこんで鑞付するが、本体と合わない→後付か。胴は丸みを帯びた砧形。脚は笠状でその上に立ち上がりを設ける。,青銅,銅鋳造,頸と胴にごく細い銀の線象嵌で雲文を表す。,,,,フィリップ・フランツ・フォン・シーボルト,Philipp Franz von Siebold,,,,S1039a_kk,2家の祭壇《仏壇》に捧げられる花を生ける、蛇形の把手を伴う骨壺品のような[!] 壺,2 urnenartigen [!] Vasen mit Schlangen=Henkeln für Blumen die am Hausaltar geopfert werden.,原田一敏:澤田和人,2014/7:2010/10,勝田徹,,,,,15,kk2,1039,a
2847,五大陸博物館,"Museum Fünf Kontinente ",S1029b,MFK-S1029b_kk,Ⅵ,28,花生（花瓶）仏具,vase,,金工品,,江戸,１９ｃ,,,日本,1,,,14.7,,7.9,13.4,7.9,,ラッパ状に大きく口を開く。頸の片側に杖を上に向ける唐人物、もう一方に扇を持つ唐人物をやや肉厚に陽鋳。地は雷文地とする。脚は外反する。獅子目をフックにひっかける。,青銅,,胴の肩に複葉蓮弁帯をめぐらす。胴は４つに区画し、寿老人（鹿がいる）、表に布袋、左右の狭い区画には観月唐人物、片側に大花瓶と唐人物を陽鋳。地は雷文。,,,,フィリップ・フランツ・フォン・シーボルト,Philipp Franz von Siebold,,,,S1029b_kk,2 龍の頭 が付いた小型の花瓶,2 kleine Blumenvasen mit Drachenkoepfen ,原田一敏:澤田和人,2014/7:2010/10,勝田徹,,,,,16,kk2,1029,b
2848,五大陸博物館,"Museum Fünf Kontinente ",S895,MFK-S895_kk,Ⅵ,27,鏧子（けいす）,singing bowl,,金工品,,江戸,１９ｃ,,,日本,1,,,9.5,,,15.3,,,鉢形。肩上は地の銅色を残して口下に巾広。以上細い紐状に５条を残し、他は表裏とも全て黒塗とする。条線の下は裏からゴザ目のような横線を同心円状に打ち、表に突出させる。,銅,銅鍛造。口縁は別造りにして鑞付けする。,,,,,フィリップ・フランツ・フォン・シーボルト,Philipp Franz von Siebold,,,,S895_kk,1 祈祷の際に音を鳴らす金盥,1 Becken von Metall zum Laeuten bei Gebeten ,原田一敏:澤田和人,2014/7:2010/10,原田泰,,,,,17,kk2,895,
2849,五大陸博物館,"Museum Fünf Kontinente ",S220,MFK-S220_kk,Ⅵ,27,羽釜,iron pot,,金工品,,江戸,１９ｃ,,,日本,1,,,18.9,,30.5,21.2,,,ほぼ中央に笠状の反りを持つ羽。その上の上半は口へ向かって少しすぼまる。下半は底へとすぼまる。底外へ甲盛りをつける。湯口の跡中心に見える。全面ロクロ挽き仕上げの跡が良く残る。,銅,銅鍛造。挽き型。,口下に２条の線をろくろ挽きで刻す。,,,,フィリップ・フランツ・フォン・シーボルト,Philipp Franz von Siebold,,,,S220_kk,1 大型のブロンズ製鍋,1 großer bronzener Kochtopf ,原田一敏:澤田和人,2014/7:2010/10,勝田徹,,,,,18,kk2,220,
2850,五大陸博物館,"Museum Fünf Kontinente ",S623a,MFK-S623a_kk,Ⅵ,30,燈籠,lantern,,金工品,,江戸,１９ｃ,,,日本,1,,,141.7,,,,39.5,,笠：六方下がり棟、各角に軒を渡して軒先に龍。龍舌は大小２枚。上はすぐに巻き込み、下は大きく反転して蕨手状となる。龍下に金銅鍛造の風鎮を垂らす。笠上は丸く段を作り、その上に六角形の露盤、格間に中央に大きく菊花、地に雷文。露盤の上に伏せ鉢と受花を一緒にして据える。受花六方に先花形、間に猪目。受花内から宝珠、三方火焔。笠下に雲鶴透の笠受.。火袋：中央に菊紋、その周りに唐草をともに透かす。中台：六角形。長方形の枠を作って内に鳳凰、麒麟を交互に薄肉に表す。竿：中央に大きな帯状に膨らみをつける。中台の受けに雲文を３ヵ所鋤出彫。中央の膨らみの処に龍（立体的）が巻く。周りに雲文薄肉。竿の最下部に波涛に亀と鯉。台座：3段。下駒も爪様。中やや垂直。胴を少しふくらませる。笠状→竿の波涛に接する。,銅,,,,,,フィリップ・フランツ・フォン・シーボルト,Philipp Franz von Siebold,,,,S623a_kk,2仏塔形の大型ブロンズ製灯篭。この大型の灯篭は寺の入り口に置かれ夜に灯される。 それは非常に 身分の高い日本人の墓にもみられる。,2 große Laternen von Bronce; Pagodaform. Diese großen Laternen werden am Eingange der Tempel gestellt und Nachts erleuchtet; man findet sie auch auf den Begraebnißplaetzen sehr vornehmer Japaner.,原田一敏:澤田和人:櫻庭美咲,2014/7:2010/10:2014/3,勝田徹,,,笠径 36.5,,19,kk2,623,a
2851,五大陸博物館,"Museum Fünf Kontinente ",S623b,MFK-S623b_kk,Ⅵ,30,燈籠,lantern,,金工品,,江戸,１９ｃ,,,日本,1,,,139.6,,,,39.4,,笠：六方下がり棟、各角に軒を渡して軒先に龍。龍舌は大小２枚。上はすぐに巻き込み、下は大きく反転して蕨手状となる。龍下に金銅鍛造の風鎮を垂らす。笠上は丸く段を作り、その上に六角形の露盤、格間に中央に大きく菊花、地に雷文。露盤の上に伏せ鉢と受花を一緒にして据える。受花六方に先花形、間に猪目。受花内から宝珠、三方火焔。笠下に雲鶴透の笠受.。火袋：中央に菊紋、その周りに唐草をともに透かす。中台：六角形。長方形の枠を作って内に鳳凰、麒麟を交互に薄肉に表す。竿：中央に大きな帯状に膨らみをつける。中台の受けに雲文を３ヵ所鋤出彫。中央の膨らみの処に龍（立体的）が巻く。周りに雲文薄肉。竿の最下部に波涛に亀と鯉。台座：3段。下駒も爪様。中やや垂直。胴を少しふくらませる。笠状→竿の波涛に接する。,銅,,,,,,フィリップ・フランツ・フォン・シーボルト,Philipp Franz von Siebold,,,,S623b_kk,2仏塔形の大型ブロンズ製灯篭。この大型の灯篭は寺の入り口に置かれ夜に灯される。 それは非常に 身分の高い日本人の墓にもみられる。,2 große Laternen von Bronce; Pagodaform. Diese großen Laternen werden am Eingange der Tempel gestellt und Nachts erleuchtet; man findet sie auch auf den Begraebnißplaetzen sehr vornehmer Japaner.,原田一敏:澤田和人:櫻庭美咲,2014/7:2010/10:2014/3,勝田徹,,,笠径 36.5,,19,kk2,623,b
2852,五大陸博物館,"Museum Fünf Kontinente ",S1037,MFK-S1037_kk,Ⅵ,30,龍耳大花瓶,large vase,,金工品,,江戸,１９ｃ,,,日本,1,,,66.2,,,20.4,25.2,,下蕪形。口は頸より広く作り、立ち上がりを高く作り出す。頸は長く円筒。耳に鑞型による龍を2か所挿し込み鋲留。,青銅,,雷文と如意・垂飾は銀の線象嵌。雲に雷を銀の線象嵌。台座は二段上下にわたって波涛文を銀の線象嵌。,,,,フィリップ・フランツ・フォン・シーボルト,Philipp Franz von Siebold,,,,S1037_kk,2 龍の把手を伴い銀象嵌を施した大型の壺 。これは仏教寺院の装飾である,2 große Vasen mit Silbereinlage mit Drachenhenkel. Es sind Verzierungen der buddhistischen Tempel.,原田一敏:澤田和人:櫻庭美咲,2014/7:2010/10:2014/3,勝田徹,,,,,20,kk2,1037,
2853,五大陸博物館,"Museum Fünf Kontinente ",S602,MFK-S602_kk,Ⅶ,24,銅鴨香炉,incense burner,,金工品,,清,18-19ｃ,,,中国,1,,30.1,,72.0 ,,,,,背と腹部で取り外しが可。腹部は上から見て卵形。頸を反転させ後ろを振り向く姿。口に蓮茎を２本咥える。胴の後ろ、左右の翼の合わせ目に孔があり煙出とした。木製蓮華彫の台座が附属。蓮茎の束を右から大きく伸ばして左へと回旋する。,青銅、木,銅鋳造。足を共造りとする。上端の背の受けを印籠蓋の受けのように作り出す。背は蠟型。裏に型を寄せた跡がある。,羽根に手の荒い毛彫,,,木製蓮華彫の台座が附属,フィリップ・フランツ・フォン・シーボルト,Philipp Franz von Siebold,,,,S602_kk,1 香炉としてのブロンズ製の鳥,1 bronzener Vogel als Weihrauchgefaeß ,原田一敏:澤田和人,2014/7:2010/10,勝田徹,,,鴨高さ 29.0,木製の台もS602（収蔵場所はⅥ_2）,21,kk2,602,
2854,五大陸博物館,"Museum Fünf Kontinente ",S627a,MFK-S627a_kk,Ⅵ,30,燭台,candle stand,,金工品,,江戸,１９ｃ,,,日本,1,,,,78.0,,,23.2,,台座は丸形。駒の爪状に張出し、その上に十王口状に開いた受けを作り、内側をくぼませる→高い高台を持つ皿を伏せた形。中心に方形の穴を開け丸い竿を立てる。竿の先に軸受と皿。,木、金銅（燭皿）,台座は木製黒漆塗。燭立は銅板鍍金。軸と皿は鑞付、燭立は元を4つに割って差し込み、皿裏で折り曲げて固定。,,,,,フィリップ・フランツ・フォン・シーボルト,Philipp Franz von Siebold,,,,S627a_kk,1 黒漆の同上の品,1 do von schwarzem Lack.,原田一敏:櫻庭美咲,2014/7:2014/3,勝田徹,,,,,22,kk2,627,a
2855,五大陸博物館,"Museum Fünf Kontinente ",S627b,MFK-S627b_kk,Ⅵ,30,燭台,candle stand,,金工品,,江戸,１９ｃ,,,日本,1,,,,78.0,,,23.2,,台座は丸形。駒の爪状に張出し、その上に十王口状に開いた受けを作り、内側をくぼませる→高い高台を持つ皿を伏せた形。中心に方形の穴を開け丸い竿を立てる。竿の先に軸受と皿。,木、金銅（燭皿）,台座は木製黒漆塗。燭立は銅板鍍金。軸と皿は鑞付、燭立は元を4つに割って差し込み、皿裏で折り曲げて固定。,,,,,フィリップ・フランツ・フォン・シーボルト,Philipp Franz von Siebold,,,,S627b_kk,1 黒漆の同上の品,1 do von schwarzem Lack.,原田一敏:櫻庭美咲,2014/7:2014/3,勝田徹,,,,,22,kk2,627,b
2856,五大陸博物館,"Museum Fünf Kontinente ",S1095,MFK-S1095_kk,Ⅵ,26,火鉢,brazier,,金工品,,江戸,１９ｃ,,,日本,1,,,23.6 ,,,33.3 ,,,円筒形、口に大きく鍔を作る。底は扁平。3本の獅子足を鋲でカラクリ留する。足下に木製円形の台を獅子足下から出した鉄釘で固定。,銅、木（台）,,肩に２条の圏線を巡らし、その内に七宝繋文。腹から裾に９枚の葉形、葉形の内に雷文・,,,,フィリップ・フランツ・フォン・シーボルト,Philipp Franz von Siebold,,,,S1095_kk,1 彫刻を施した火鉢と両側に2 寺=壺,1 gravirtes Kohlenbecken und auf beiden Seiten 2 Tempel=Vasen.,原田一敏:澤田和人,2014/7:2010/10,勝田徹:原田泰,,,,,23,kk2,1095,
2857,五大陸博物館,"Museum Fünf Kontinente ",S1027,MFK-S1027,Ⅲ,27,胡銅双四角錐胴獣耳花生,vase,,金工品,,清,18-19ｃ,,,中国,1,,,28.8,,7.2-10.1,7.4,,,円筒の頸の口下に上広下狭の箱形をつける。各側に雷文地、虺竜文。口は丸く縁を鍔状に張り出す。頸は円筒形。獣文の口から長く舌を出して耳とする。胴は正双四角錐を底で合わせた形。各角に山形の稜飾り。台座は2段。側は垂直。正方形の角型。,青銅,,,,,,フィリップ・フランツ・フォン・シーボルト,Philipp Franz von Siebold,,,,S1027,1 仏教寺院で用いる大型の古いブロンズ,1 große alte Bronze in buddhistischen Tempeln gebraeuchlich ,原田一敏,2014/7,勝田徹,,,最大幅（対角）21.0、幅14.7×14.7,,24,kk2,1027,
2858,五大陸博物館,"Museum Fünf Kontinente ",S624a,MFK-S624a_kk,ⅩⅤ,38,大花瓶,large vase,,金工品,,江戸,１９ｃ,,,日本,1,,,54.8,,,52.5,,,朝顔形に大きく開いた口。その基に肉厚の丸味をもたせた子持ちの紐を廻す。その下に括りを入れて上面を扁平とした丈の低い円筒形の胴。その下に地付が駒の爪状にして3段の台座を設ける。頸に獅子耳をかける,青銅,,口の立ち上がりに雷文を深く線彫する。口の裏から頸に雲文と飛鶴を細い銀の線象嵌で表す。太紐帯に牡丹唐草文を前後に線刻。胴は波涛文を銀の線象嵌。口の内側に４つの花唐草文を銀の線象嵌。,,,,フィリップ・フランツ・フォン・シーボルト,Philipp Franz von Siebold,,,,S624a_kk,2銀象嵌を施し獅子のつまみのある黒塗りの ブロンズ 製大壺,2 große Vasen schwarze Bronzen mit Silber eingelegt mit Loewengriffen ,原田一敏:澤田和人,2014/7:2010/10,勝田徹,,,,,25,kk2,624,a
2859,五大陸博物館,"Museum Fünf Kontinente ",S624b,MFK-S624b_kk,ⅩⅤ,38,大花瓶,large vase,,金工品,,江戸,１９ｃ,,,日本,1,,,52.3,,,52.3,,,朝顔形に大きく開いた口。その基に肉厚の丸味をもたせた子持ちの紐を廻す。その下に括りを入れて上面を扁平とした丈の低い円筒形の胴。その下に地付が駒の爪状にして3段の台座を設ける。頸に獅子耳をかける,青銅,,口の立ち上がりに雷文を深く線彫する。口の裏から頸に雲文と飛鶴を細い銀の線象嵌で表す。太紐帯に牡丹唐草文を前後に線刻。胴は波涛文を銀の線象嵌。口の内側に４つの花唐草文を銀の線象嵌。,,,,フィリップ・フランツ・フォン・シーボルト,Philipp Franz von Siebold,,,,S624b_kk,2銀象嵌を施し獅子のつまみのある黒塗りの ブロンズ 製大壺,2 große Vasen schwarze Bronzen mit Silber eingelegt mit Loewengriffen ,原田一敏:澤田和人,2014/7:2010/10,勝田徹,,,,,25,kk2,624,b
2860,五大陸博物館,"Museum Fünf Kontinente ",S569,MFK-S569_kk,Ⅸ,121,牡丹唐草文太刀拵,sword fittings,,金工品,,江戸,１９ｃ,,,日本,1,,114.5,,,,,,,大きく反る（芝居用の太刀か、実用ではない）,,柄：白鮫着、黒糸巻、兜金・縁金物=銅で真鍮色仕上げ、目貫、龍=銅。鞘：口金、足金物、責金（柏葉、雷文鋤出）、芝引から石突一体、うるみ塗、責金の間に牡丹唐草文を朱色で表す。鐔：銅、波に龍、宝珠、鋳造、文様不鮮明。,,脇指銘「和泉守兼定」（偽銘）地刀出来不明,,,フィリップ・フランツ・フォン・シーボルト,Philipp Franz von Siebold,,,,S569_kk,1 高僧のための刀立て,1 Gestell mit dem Saebel eines Oberpriesters,原田一敏:日高薫,2014/7:2014/3,勝田徹,,,刀身長58.2、拵長114.5、反4.2,,26,kk2,569,
2861,五大陸博物館,"Museum Fünf Kontinente ",S585,MFK-S585_kk,Ⅸ,124,青金微塵塗太刀,sword,,金工品,,江戸,１９ｃ,,,日本,1,,100.2,,,,,,,,,刀身：直刃 柄：白鮫着、薄茶糸巻、目貫 波涛=素銅容彫、金色絵、縁兎金、鉄石目地金箔押 鐔：鉄地木瓜形石目地金箔押 鞘：足金物までは黒石目地、底から先は黒地に青貝微塵塗、縁、足金物、責金、石突=鉄、石目地 金箔押,,刀 無銘（銘を消した跡あり）,,,フィリップ・フランツ・フォン・シーボルト,Philipp Franz von Siebold,,,,S585_kk,1 少し短い真珠が施された鞘,1 etwas kürzerer mit Perlmutterscheide,原田一敏:日高薫,2014/7:2014/3,勝田徹,,,刀身長 68.3、外装長 100.2、反 2.2,,27,kk2,585,
2862,五大陸博物館,"Museum Fünf Kontinente ",S590,MFK-S590_1_kk,Ⅶ,40,黒石目塗桐紋散半太刀（将軍家茂拝領の刀）,sword,,金工品,,江戸,１９ｃ,,,日本,1,,116.2,,,,,,,柄：茶糸巻、銀黒塗打出鮫着。鞘：黒石目地塗、花桐紋を彫漆して金の荒い粉を葉先、花に蒔く。金具：兜金、縁頭、栗形、返角。芝引、石突、すべて赤銅魚々子地金小縁付桐紋（金色絵）。目貫：桐紋五双（金色絵）、縁に「柘植吉勝」（花押）。鐔：木瓜形、金縁、赤銅魚々子地桐文金色絵。銘「柘植吉勝」。革の帯執：紺地白貫、菊、桜、朱で葉,,刀：鎬造、庵棟、磨上げているがなお長大で反りやや高く中鋒、鎬やや高い 鍛：板目に杢目交じり地景入る 刃文：中直刃、ごく小さな十五の目 表物打に交じり処々に葉入り、沸つく 帽子：焼深く直ぐに丸く返るが表の焼巾広い。茎：磨上、鑢目表筋違、磨上時勝手下がり、裏も勝手下がりにかけ直す。尻切。,,刀銘「美作国津山住兼先」,,,フィリップ・フランツ・フォン・シーボルト,Philipp Franz von Siebold,,,,S590_1_kk,絹の袋に収められた軍隊の記念の剣。これは非宗教の天皇の勲章としてフォン・シーボルトに彼の任務に対して贈られた。朱塗りの蒔絵の刀立てに置かれている。日本では、軍に所属する人物の地位を剣によって判断する。騎士の身分の者は二本、使用人や貴族の少年は一本の剣を携帯する。剣を運ぶ労を軽減するため、たいていは刃の代わりに木刀が携帯される。,Der militaerische Ehrensaebel in Seidenfutteral als Auszeichnung vom weltlichen Kaiser an von Siebold für seine Dienste gegeben auf einem Gestell von roth und Goldlack. / Man unterscheidet in Japan den Rang der Personen die der Militaerklasse angehören durch ihren Säbel[;] die dem Ritterstande angehoeren tragen 2 Saebel Bediente und Knappen einen. Um das Tragen der Saebel zu erleichtern wurden ofter hoelzerne Saebel ohne Klinge getragen.,原田一敏:日高薫,2014/7:2014/3,勝田徹,,,シーボルト 家茂より拝領の刀,刀身長 82.7、拵長 116.2、反 2.8,28,kk2,590,_1
2863,五大陸博物館,"Museum Fünf Kontinente ",S580,MFK-S580,Ⅸ,124,青貝微塵朱石目塗脇指,short sword,,金工品,,江戸,１９ｃ,,,日本,1,,63.3,,,,,,,,,柄：白鮫着、黒糸巻、縁頭、屋島合戦図、赤銅魚々子地金小縁、高彫金銀銅色絵、目貫、韋駄天 但し邪鬼欠失、片目貫、金色絵 鞘：青貝微塵朱石目塗、小柄欠失 鐔：橋楼閣透、鉄地透、金布目象嵌,,刀身：脇指 無銘、自刃出来不明 柄：無銘,,,フィリップ・フランツ・フォン・シーボルト,Philipp Franz von Siebold,,,,S580,1 赤い鞘と使用人が使う幅の広い鍔を伴う剣,1 Saebel mit rother Scheide und breitem Stichblatt von Bedienten getragen.,原田一敏,2014/7,勝田徹,,,刀身長 44.6、外装長 63.3、反 1.0,,29,kk2,580,
2864,五大陸博物館,"Museum Fünf Kontinente ",S556,MFK-S556_kk,Ⅸ,122,大身槍,spear,,金工品,,江戸,１９ｃ,,,日本,1,,60.4,,,,,,,平三角笹穂形,,地刃不明、平に腰樋に種子,,銘 日本鍛冶宗匠（菊紋）伊賀守藤原金道,,黒塗の鞘附属、柄はなし,フィリップ・フランツ・フォン・シーボルト,Philipp Franz von Siebold,,,,S556_kk,1 大型の黒い漆塗りの鞘を伴う真直ぐな槍。日本では、槍は名誉の徴でもあり、武将も町人も地位を表す 様々な漆塗りの鞘を伴う槍を祭りの山車の先頭に掲げて練り歩いた。,1 gerade Lanze mit einem großen schwarz lackirten Futteral / In Japan sind Lanzen auch Ehrenzeichen und sowohl Militaer wie Civil werden in ihren festlichen Aufzügen Lanzen mit verschiedenen lackirten Futteralen vorangetragen nach welchen sich der Rang unterscheidet / ,原田一敏:日高薫,2014/7:2014/3,勝田徹,,,刃長 60.4,,30,kk2,556,
2865,五大陸博物館,"Museum Fünf Kontinente ",S587,MFK-S587_kk,Ⅸ,124,黒石地塗刀拵,sword fittings,,金工品,,江戸,１９ｃ,,,日本,1,,93.3,,,,,,,刃 腰の開いた互の目にのたれ、,,柄：白鮫着、縹糸巻、目貫、龍=銅容彫金色絵、縁頭素銅魚々子地 大格子文 鞘：黒石目時塗、栗形・責金・尻=素銅魚々子地大格子文 鐔：丸形、鉄地、龍地透、紫糸白雁文平打,,鐔銘 記内（偽銘）、刀銘 備州長船住忠光（偽銘）地不明,,,フィリップ・フランツ・フォン・シーボルト,Philipp Franz von Siebold,,,,S587_kk,1 古い時代の戦で用いられる刀剣,1 Schwert aus alter Zeit wie sie im Kriege geführt wurden ,原田一敏:日高薫,2014/7:2014/3,勝田徹,,,刀身長 67.5、外装長 93.3、反 1.1,,31,kk2,587,
2866,五大陸博物館,"Museum Fünf Kontinente ",S586,MFK-S586_kk,Ⅸ,122,宝剣拵 中身大身槍,sword fittings of state,,金工品,,江戸,１９ｃ,,,日本,1,,60,,,,,,,中身：平三角大笹穂形,,鍛：松一目、小板目 刃文：互の目 外装 柄：白鞘着、黒糸巻、目貫、毛抜透に桜文、銅金色絵 縁頭：赤銅石目地、桜唐草文金色絵 鞘 黒塗 鞘口、帯執、責金、尻=赤銅石目地桜唐草文金色絵 鐔：葵形、赤銅石目地桜唐草文金色絵,,銘 日本鍛冶宗匠（菊紋）伊賀守金道,,,フィリップ・フランツ・フォン・シーボルト,Philipp Franz von Siebold,,,,S586_kk,1 黒漆塗りの鞘を伴う両刃の刀剣,1 doppelschneidiges Schwert mit schwarz lackirter Scheide ,原田一敏:日高薫,2014/7:2014/3,勝田徹,,,刃長 60.0,,32,kk2,586,
2867,五大陸博物館,"Museum Fünf Kontinente ",S582,MFK-S582_kk,Ⅸ,122,黒石地塗桐鳳凰文半太刀・刀,sword and its fittings,,金工品,,江戸,１９ｃ,,,日本,1,,100.5,,,,,,,,,柄：白鮫着、黒糸巻、目貫尻=赤銅容彫金象嵌、兜金・縁=素銅石目地金小縁 鞘：黒石目地塗桐と鳳凰を交互に銀平文（ごく薄い）、口金・足金物、責金、石突=素銅石目地金小縁、下緒 紫に白縁 平打 鐔：鉄地、葵形、耳全体に金布目象嵌 刀身：地十板目、刃文 互の目乱 三つ単位に揃って頭の丸い三本杉風 帽子：直ぐに大丸,,刀 無銘（加州新刀）,,,フィリップ・フランツ・フォン・シーボルト,Philipp Franz von Siebold,,,,S582_kk,1 より長い剣、白い像で装飾された黒い鞘、武将が通常戦闘時に携帯する二重剣帯,1 laengerer Saebel schwarze Scheide mit weißen Figuren verziert Doppelgehaeng wie er gewoehnlich von Officieren zu Kriegszeiten getragen wird.,原田一敏:日高薫,2014/7:2014/3,勝田徹,,,刃長 66.0、外装 100.5、反 1.8,,33,kk2,582,
2868,五大陸博物館,"Museum Fünf Kontinente ",S581,MFK-S581_kk,Ⅸ,122,銀網目打出濃緑塗刀拵,sword fittings,,金工品,,江戸,１９ｃ,,,日本,1,,69.4,,,,,,,,,柄：白鮫着、薄茶糸巻、縁頭、赤銅魚々子地大格子文金色絵（目貫欠失） 柄：木地に2枚の銀板を叩き塗のように細かく凹凸を打ち出して表裏に貼り、その上を濃緑に塗る。栗形・責金（柏葉に花卉花唐）小尻=魚々子地大格子文金色絵 鐔：鉄地、木瓜形、獅子牡丹金銀赤銅高肉象嵌 色絵、布目象嵌 中身：地不明、刃 腰開きの互の目乱 下緒：紫地に白雁文平打ち ,,中身 備州長船住宗光（偽銘）,,,フィリップ・フランツ・フォン・シーボルト,Philipp Franz von Siebold,,,,S581_kk,1 軍人クラスが平常時に携帯する緑の鞘を伴う剣,1 Saebel mit grüner Scheide von der Kriegsklasse bei gewoehnlichen Gelegenheiten getragen ,原田一敏:日高薫,2014/7:2014/3,勝田徹,,,刃長 69.4、反 2.0,,34,kk2,581,
2869,五大陸博物館,"Museum Fünf Kontinente ",S555,MFK-S555_kk,ⅩⅠ,奥の壁,槍 銘 大垣住兼景,spear,,金工品,,江戸,18-19ｃ,,,日本,1,,214.5,,,,,,,,,柄：樫木 肩に銅の網巻金鍍金、その上は朱千段巻、責金、銀３箇所、口金 銀 先四花形猪目透 銅_（後補） 石突欠失 鉄釘が残る 槍の穂：平三角造 地刃不明,,槍の穂 銘「大垣住兼景」,,,フィリップ・フランツ・フォン・シーボルト,Philipp Franz von Siebold,,,,S555_kk,1 大型で両刃の槍、女性が用いる 長刀,1 große Lanze doppelschneidig Nadi-Naba[ ] von Frauengeführt ,原田一敏:澤田和人,2014/7:2014/3,澤田和人,,,総長 214.5、槍穂長 17.3,,35,kk2,555,